-- phpMyAdmin SQL Dump
-- version 5.1.1
-- https://www.phpmyadmin.net/
--
-- Host: 127.0.0.1
-- Generation Time: May 30, 2022 at 08:37 PM
-- Server version: 10.4.19-MariaDB
-- PHP Version: 8.0.7

SET SQL_MODE = "NO_AUTO_VALUE_ON_ZERO";
START TRANSACTION;
SET time_zone = "+00:00";


/*!40101 SET @OLD_CHARACTER_SET_CLIENT=@@CHARACTER_SET_CLIENT */;
/*!40101 SET @OLD_CHARACTER_SET_RESULTS=@@CHARACTER_SET_RESULTS */;
/*!40101 SET @OLD_COLLATION_CONNECTION=@@COLLATION_CONNECTION */;
/*!40101 SET NAMES utf8mb4 */;

--
-- Database: `rental`
--

-- --------------------------------------------------------

--
-- Table structure for table `accounts`
--

CREATE TABLE `accounts` (
  `id` varchar(36) COLLATE utf8mb4_unicode_ci NOT NULL,
  `account_class_id` varchar(36) COLLATE utf8mb4_unicode_ci NOT NULL,
  `account_type` varchar(191) COLLATE utf8mb4_unicode_ci DEFAULT NULL,
  `property_id` varchar(36) COLLATE utf8mb4_unicode_ci DEFAULT NULL,
  `lease_id` varchar(36) COLLATE utf8mb4_unicode_ci DEFAULT NULL,
  `account_number` varchar(191) COLLATE utf8mb4_unicode_ci NOT NULL,
  `account_name` varchar(191) COLLATE utf8mb4_unicode_ci NOT NULL,
  `status` varchar(191) COLLATE utf8mb4_unicode_ci DEFAULT NULL,
  `closed_on` varchar(191) COLLATE utf8mb4_unicode_ci DEFAULT NULL,
  `created_by` varchar(36) COLLATE utf8mb4_unicode_ci DEFAULT NULL,
  `updated_by` varchar(36) COLLATE utf8mb4_unicode_ci DEFAULT NULL,
  `deleted_by` varchar(36) COLLATE utf8mb4_unicode_ci DEFAULT NULL,
  `deleted_at` timestamp NULL DEFAULT NULL,
  `created_at` timestamp NULL DEFAULT NULL,
  `updated_at` timestamp NULL DEFAULT NULL
) ENGINE=InnoDB DEFAULT CHARSET=utf8mb4 COLLATE=utf8mb4_unicode_ci;

--
-- Dumping data for table `accounts`
--

INSERT INTO `accounts` (`id`, `account_class_id`, `account_type`, `property_id`, `lease_id`, `account_number`, `account_name`, `status`, `closed_on`, `created_by`, `updated_by`, `deleted_by`, `deleted_at`, `created_at`, `updated_at`) VALUES
('016f57b0-694f-42fb-be26-da6468267006', '2335efc7-c8e2-4fc0-9113-b7d4b4e58d6b', 'RENT_DEPOSIT_ACCOUNT', 'b49b754c-6a9b-40c9-9844-2365ac0ad82a', NULL, '-1000', 'RENT_DEPOSIT_ACCOUNT', NULL, NULL, NULL, NULL, NULL, NULL, '2022-05-12 15:18:49', '2022-05-12 15:18:49'),
('02568d23-2239-4881-924f-42a4b521335b', '80ca829c-1816-4b3a-8703-793e355ee792', 'CASH_ACCOUNT', '70c585ed-283d-40dc-9456-023cc03175da', NULL, '-10000', 'CASH_ACCOUNT', NULL, NULL, NULL, NULL, NULL, NULL, '2022-05-08 18:31:05', '2022-05-08 18:31:05'),
('066d7ab9-fa1b-4fc7-befd-df9ff67ddf2d', '80ca829c-1816-4b3a-8703-793e355ee792', 'WAIVER_ACCOUNT', 'b5c5e6b9-4833-4b00-9636-1804f673604d', NULL, '-000', 'WAIVER_ACCOUNT', NULL, NULL, NULL, NULL, NULL, NULL, '2022-05-10 14:01:12', '2022-05-10 14:01:12'),
('07c678ae-6366-41d0-9b0a-2be8b97057c8', '1325481c-8334-4705-998f-c8788692c758', 'PENALTY_INCOME_ACCOUNT', '9a470677-b4d4-4211-aa42-96dc5bbf3622', NULL, '1212-5000', 'PENALTY_INCOME_ACCOUNT', NULL, NULL, NULL, NULL, NULL, NULL, '2022-04-23 06:08:33', '2022-04-23 06:08:33'),
('0aa9dbea-58e1-42b4-bb00-3c43351e5a37', '80ca829c-1816-4b3a-8703-793e355ee792', 'BANK_ACCOUNT', '53b8b52e-3d5e-4bf8-8d5d-a6f2146a2ac8', NULL, '-8000', 'BANK_ACCOUNT', NULL, NULL, NULL, NULL, NULL, NULL, '2022-05-12 15:17:05', '2022-05-12 15:17:05'),
('0bc71404-7da3-411e-93c1-917a05d4f001', '80ca829c-1816-4b3a-8703-793e355ee792', 'CASH_ACCOUNT', '53b8b52e-3d5e-4bf8-8d5d-a6f2146a2ac8', NULL, '-10000', 'CASH_ACCOUNT', NULL, NULL, NULL, NULL, NULL, NULL, '2022-05-12 15:17:05', '2022-05-12 15:17:05'),
('0c0bc071-67c6-4feb-b58b-c40cfe03c8f5', '80ca829c-1816-4b3a-8703-793e355ee792', 'LEASE_ACCOUNT', '9a470677-b4d4-4211-aa42-96dc5bbf3622', '55ebd3bd-5af1-42d0-875b-5d61eb3fe526', '111-LS0001', 'LEASE_ACCOUNT', NULL, NULL, NULL, NULL, NULL, NULL, '2022-04-23 06:14:01', '2022-04-23 06:14:01'),
('0d68058e-d1a7-49d9-9150-a2207d16662b', '1325481c-8334-4705-998f-c8788692c758', 'RENT_INCOME_ACCOUNT', '53b8b52e-3d5e-4bf8-8d5d-a6f2146a2ac8', NULL, '-4000', 'RENT_INCOME_ACCOUNT', NULL, NULL, NULL, NULL, NULL, NULL, '2022-05-12 15:17:05', '2022-05-12 15:17:05'),
('0e6e3861-5080-4271-912a-a4185882af13', '80ca829c-1816-4b3a-8703-793e355ee792', 'MPESA_ACCOUNT', 'e913efb7-18d1-41d5-b83e-8c1c81c966b1', NULL, '-9000', 'MPESA_ACCOUNT', NULL, NULL, NULL, NULL, NULL, NULL, '2022-05-09 18:28:06', '2022-05-09 18:28:06'),
('0e73f909-b09e-41a9-9188-2dd01d0a3f28', '1325481c-8334-4705-998f-c8788692c758', 'PENALTY_INCOME_ACCOUNT', 'af3b9ea0-64e9-4d9a-bbfa-39975b87c034', NULL, '-5000', 'PENALTY_INCOME_ACCOUNT', NULL, NULL, NULL, NULL, NULL, NULL, '2022-05-08 18:41:14', '2022-05-08 18:41:14'),
('11b00595-286e-4fa2-9de0-a00db77aa34e', '1325481c-8334-4705-998f-c8788692c758', 'PENALTY_INCOME_ACCOUNT', '0c632487-15d8-4862-acae-66e3c8efbcc9', NULL, '-5000', 'PENALTY_INCOME_ACCOUNT', NULL, NULL, NULL, NULL, NULL, NULL, '2022-05-09 18:33:56', '2022-05-09 18:33:56'),
('11ea79d8-48f9-4b97-a7b3-f60ad3b503e7', '80ca829c-1816-4b3a-8703-793e355ee792', 'WAIVER_ACCOUNT', 'af3b9ea0-64e9-4d9a-bbfa-39975b87c034', NULL, '-000', 'WAIVER_ACCOUNT', NULL, NULL, NULL, NULL, NULL, NULL, '2022-05-08 18:41:14', '2022-05-08 18:41:14'),
('133f8fcc-ac99-4d69-ac98-91b120cd6160', '80ca829c-1816-4b3a-8703-793e355ee792', 'EXTRA_CHARGE_ACCOUNT', '97540c7c-1bc3-4cc9-a22d-25d8b0c06c20', NULL, '-3000', 'EXTRA_CHARGE_ACCOUNT', NULL, NULL, NULL, NULL, NULL, NULL, '2022-05-10 14:00:10', '2022-05-10 14:00:10'),
('137adc6a-b543-4477-824c-f06135fa9ad4', '2335efc7-c8e2-4fc0-9113-b7d4b4e58d6b', 'RENT_DEPOSIT_ACCOUNT', 'eeececab-6b2c-4091-b935-50d977cb6f0e', NULL, '-1000', 'RENT_DEPOSIT_ACCOUNT', NULL, NULL, NULL, NULL, NULL, NULL, '2022-05-09 18:11:36', '2022-05-09 18:11:36'),
('16976a75-80bd-4817-90f4-35c0757ce863', '2335efc7-c8e2-4fc0-9113-b7d4b4e58d6b', 'RENT_DEPOSIT_ACCOUNT', 'b5c5e6b9-4833-4b00-9636-1804f673604d', NULL, '-1000', 'RENT_DEPOSIT_ACCOUNT', NULL, NULL, NULL, NULL, NULL, NULL, '2022-05-10 14:01:12', '2022-05-10 14:01:12'),
('192431bc-5994-4781-9f9c-7f2a081294fe', '2335efc7-c8e2-4fc0-9113-b7d4b4e58d6b', 'UTILITY_DEPOSIT_ACCOUNT', '70c585ed-283d-40dc-9456-023cc03175da', NULL, '-2000', 'UTILITY_DEPOSIT_ACCOUNT', NULL, NULL, NULL, NULL, NULL, NULL, '2022-05-08 18:31:05', '2022-05-08 18:31:05'),
('1929b96c-b22e-4e80-8a74-4eea6a907c4c', '2335efc7-c8e2-4fc0-9113-b7d4b4e58d6b', 'VAT_ACCOUNT', 'b4add206-efb2-4e45-955e-eef62915763a', NULL, '-7000', 'VAT_ACCOUNT', NULL, NULL, NULL, NULL, NULL, NULL, '2022-05-09 18:33:08', '2022-05-09 18:33:08'),
('19a2e39c-8a11-4b5b-97f0-ab2c121f51e7', '1325481c-8334-4705-998f-c8788692c758', 'PENALTY_INCOME_ACCOUNT', 'e913efb7-18d1-41d5-b83e-8c1c81c966b1', NULL, '-5000', 'PENALTY_INCOME_ACCOUNT', NULL, NULL, NULL, NULL, NULL, NULL, '2022-05-09 18:28:06', '2022-05-09 18:28:06'),
('1a412c94-dace-446f-be40-2580ace2f143', '1325481c-8334-4705-998f-c8788692c758', 'UTILITY_INCOME_ACCOUNT', '53b8b52e-3d5e-4bf8-8d5d-a6f2146a2ac8', NULL, '-4000', 'UTILITY_INCOME_ACCOUNT', NULL, NULL, NULL, NULL, NULL, NULL, '2022-05-12 15:17:05', '2022-05-12 15:17:05'),
('1dc00a46-31a2-4270-a638-ed426e8ceb4c', '80ca829c-1816-4b3a-8703-793e355ee792', 'WAIVER_ACCOUNT', '00a41ec2-615f-4037-bdd9-81543150b132', NULL, '-000', 'WAIVER_ACCOUNT', NULL, NULL, NULL, NULL, NULL, NULL, '2022-05-08 18:41:20', '2022-05-08 18:41:20'),
('1dcd7940-d303-4bd9-b6d1-05f4ffe737a3', '80ca829c-1816-4b3a-8703-793e355ee792', 'MPESA_ACCOUNT', 'b4add206-efb2-4e45-955e-eef62915763a', NULL, '-9000', 'MPESA_ACCOUNT', NULL, NULL, NULL, NULL, NULL, NULL, '2022-05-09 18:33:08', '2022-05-09 18:33:08'),
('1fc881f5-2bc1-4469-a55a-9d489c2b2c7f', '1325481c-8334-4705-998f-c8788692c758', 'PENALTY_INCOME_ACCOUNT', '70c585ed-283d-40dc-9456-023cc03175da', NULL, '-5000', 'PENALTY_INCOME_ACCOUNT', NULL, NULL, NULL, NULL, NULL, NULL, '2022-05-08 18:31:05', '2022-05-08 18:31:05'),
('24de95ab-315f-4820-80d8-965dfe79128e', '80ca829c-1816-4b3a-8703-793e355ee792', 'SERVICE_FEE_INCOME_ACCOUNT', 'af3b9ea0-64e9-4d9a-bbfa-39975b87c034', NULL, '-6000', 'SERVICE_FEE_INCOME_ACCOUNT', NULL, NULL, NULL, NULL, NULL, NULL, '2022-05-08 18:41:14', '2022-05-08 18:41:14'),
('25b50019-d838-4324-850d-dd60eef6ab4a', '2335efc7-c8e2-4fc0-9113-b7d4b4e58d6b', 'VAT_ACCOUNT', 'eeececab-6b2c-4091-b935-50d977cb6f0e', NULL, '-7000', 'VAT_ACCOUNT', NULL, NULL, NULL, NULL, NULL, NULL, '2022-05-09 18:11:36', '2022-05-09 18:11:36'),
('293e68bd-8fe0-4947-888a-a4bc9b77c5e3', '80ca829c-1816-4b3a-8703-793e355ee792', 'EXTRA_CHARGE_ACCOUNT', 'b5c5e6b9-4833-4b00-9636-1804f673604d', NULL, '-3000', 'EXTRA_CHARGE_ACCOUNT', NULL, NULL, NULL, NULL, NULL, NULL, '2022-05-10 14:01:12', '2022-05-10 14:01:12'),
('29d5b144-2d46-4888-9190-f225ab733792', '2335efc7-c8e2-4fc0-9113-b7d4b4e58d6b', 'VAT_ACCOUNT', '8c42b73f-b043-40ab-9983-178ddd30c0e8', NULL, '-7000', 'VAT_ACCOUNT', NULL, NULL, NULL, NULL, NULL, NULL, '2022-05-12 15:17:46', '2022-05-12 15:17:46'),
('2a5216bf-990d-426f-a162-a29b6fea763d', '1325481c-8334-4705-998f-c8788692c758', 'PENALTY_INCOME_ACCOUNT', '00a41ec2-615f-4037-bdd9-81543150b132', NULL, '-5000', 'PENALTY_INCOME_ACCOUNT', NULL, NULL, NULL, NULL, NULL, NULL, '2022-05-08 18:41:20', '2022-05-08 18:41:20'),
('2b12be13-cfe3-43d8-8018-4901166cd015', '1325481c-8334-4705-998f-c8788692c758', 'PENALTY_INCOME_ACCOUNT', '97540c7c-1bc3-4cc9-a22d-25d8b0c06c20', NULL, '-5000', 'PENALTY_INCOME_ACCOUNT', NULL, NULL, NULL, NULL, NULL, NULL, '2022-05-10 14:00:10', '2022-05-10 14:00:10'),
('2c802f71-058a-4a6c-9b83-c4d02fa2b023', '2335efc7-c8e2-4fc0-9113-b7d4b4e58d6b', 'RENT_DEPOSIT_ACCOUNT', 'e19d2319-8fe8-467d-a19e-9528acaa2656', NULL, '-1000', 'RENT_DEPOSIT_ACCOUNT', NULL, NULL, NULL, NULL, NULL, NULL, '2022-05-09 18:26:51', '2022-05-09 18:26:51'),
('2e9d1ce1-d03a-41c9-b769-44096a3d1652', '2335efc7-c8e2-4fc0-9113-b7d4b4e58d6b', 'VAT_ACCOUNT', '97540c7c-1bc3-4cc9-a22d-25d8b0c06c20', NULL, '-7000', 'VAT_ACCOUNT', NULL, NULL, NULL, NULL, NULL, NULL, '2022-05-10 14:00:10', '2022-05-10 14:00:10'),
('34016666-39e3-4ed5-a25a-be8739d7590b', '2335efc7-c8e2-4fc0-9113-b7d4b4e58d6b', 'UTILITY_DEPOSIT_ACCOUNT', 'b4add206-efb2-4e45-955e-eef62915763a', NULL, '-2000', 'UTILITY_DEPOSIT_ACCOUNT', NULL, NULL, NULL, NULL, NULL, NULL, '2022-05-09 18:33:08', '2022-05-09 18:33:08'),
('3498c310-dd93-45d9-be57-c73354f2c7a5', '2335efc7-c8e2-4fc0-9113-b7d4b4e58d6b', 'RENT_DEPOSIT_ACCOUNT', 'af3b9ea0-64e9-4d9a-bbfa-39975b87c034', NULL, '-1000', 'RENT_DEPOSIT_ACCOUNT', NULL, NULL, NULL, NULL, NULL, NULL, '2022-05-08 18:41:14', '2022-05-08 18:41:14'),
('353297ef-537d-456f-89a7-6503822bd901', '2335efc7-c8e2-4fc0-9113-b7d4b4e58d6b', 'RENT_DEPOSIT_ACCOUNT', 'b4add206-efb2-4e45-955e-eef62915763a', NULL, '-1000', 'RENT_DEPOSIT_ACCOUNT', NULL, NULL, NULL, NULL, NULL, NULL, '2022-05-09 18:33:08', '2022-05-09 18:33:08'),
('35e59c5b-ab25-4915-a146-62449d5207ef', '2335efc7-c8e2-4fc0-9113-b7d4b4e58d6b', 'RENT_DEPOSIT_ACCOUNT', '8c42b73f-b043-40ab-9983-178ddd30c0e8', NULL, '-1000', 'RENT_DEPOSIT_ACCOUNT', NULL, NULL, NULL, NULL, NULL, NULL, '2022-05-12 15:17:46', '2022-05-12 15:17:46'),
('398f0d05-1dfa-40bf-a002-36f66740b115', '80ca829c-1816-4b3a-8703-793e355ee792', 'EXTRA_CHARGE_ACCOUNT', '9a470677-b4d4-4211-aa42-96dc5bbf3622', NULL, '1212-3000', 'EXTRA_CHARGE_ACCOUNT', NULL, NULL, NULL, NULL, NULL, NULL, '2022-04-23 06:08:33', '2022-04-23 06:08:33'),
('3a1ca22a-811b-49d3-b45d-7a9fe9f24b8d', '80ca829c-1816-4b3a-8703-793e355ee792', 'EXTRA_CHARGE_ACCOUNT', 'af3b9ea0-64e9-4d9a-bbfa-39975b87c034', NULL, '-3000', 'EXTRA_CHARGE_ACCOUNT', NULL, NULL, NULL, NULL, NULL, NULL, '2022-05-08 18:41:14', '2022-05-08 18:41:14'),
('3b7dcf5c-184e-4407-bc0a-b6f1f1501a3f', '1325481c-8334-4705-998f-c8788692c758', 'UTILITY_INCOME_ACCOUNT', '70c585ed-283d-40dc-9456-023cc03175da', NULL, '-4000', 'UTILITY_INCOME_ACCOUNT', NULL, NULL, NULL, NULL, NULL, NULL, '2022-05-08 18:31:05', '2022-05-08 18:31:05'),
('3bce363f-0605-43ac-a96c-ee2d30d75f28', '80ca829c-1816-4b3a-8703-793e355ee792', 'EXTRA_CHARGE_ACCOUNT', '34fa71b8-f28a-4806-9a2e-21ce2fadfbbd', NULL, '-3000', 'EXTRA_CHARGE_ACCOUNT', NULL, NULL, NULL, NULL, NULL, NULL, '2022-05-08 18:41:42', '2022-05-08 18:41:42'),
('3bf4905c-8f75-4675-ae8b-7738abe36c2c', '80ca829c-1816-4b3a-8703-793e355ee792', 'BANK_ACCOUNT', '0c632487-15d8-4862-acae-66e3c8efbcc9', NULL, '-8000', 'BANK_ACCOUNT', NULL, NULL, NULL, NULL, NULL, NULL, '2022-05-09 18:33:56', '2022-05-09 18:33:56'),
('3c69ba02-9b4b-40a9-a5f9-cfb0f4e809ff', '80ca829c-1816-4b3a-8703-793e355ee792', 'EXTRA_CHARGE_ACCOUNT', '0c632487-15d8-4862-acae-66e3c8efbcc9', NULL, '-3000', 'EXTRA_CHARGE_ACCOUNT', NULL, NULL, NULL, NULL, NULL, NULL, '2022-05-09 18:33:56', '2022-05-09 18:33:56'),
('3c9a0705-b51e-4941-a84e-fd9f115202d7', '2335efc7-c8e2-4fc0-9113-b7d4b4e58d6b', 'VAT_ACCOUNT', 'b49b754c-6a9b-40c9-9844-2365ac0ad82a', NULL, '-7000', 'VAT_ACCOUNT', NULL, NULL, NULL, NULL, NULL, NULL, '2022-05-12 15:18:49', '2022-05-12 15:18:49'),
('3cbff701-17c6-4b25-808d-572f4a3fd607', '80ca829c-1816-4b3a-8703-793e355ee792', 'CASH_ACCOUNT', '34fa71b8-f28a-4806-9a2e-21ce2fadfbbd', NULL, '-10000', 'CASH_ACCOUNT', NULL, NULL, NULL, NULL, NULL, NULL, '2022-05-08 18:41:42', '2022-05-08 18:41:42'),
('3e0fe4cb-4fcb-45c0-ad0f-f69ea7e0fe0c', '2335efc7-c8e2-4fc0-9113-b7d4b4e58d6b', 'VAT_ACCOUNT', '9a470677-b4d4-4211-aa42-96dc5bbf3622', NULL, '1212-7000', 'VAT_ACCOUNT', NULL, NULL, NULL, NULL, NULL, NULL, '2022-04-23 06:08:33', '2022-04-23 06:08:33'),
('3f2266f6-de66-479c-949e-4dda6ac7ce8d', '1325481c-8334-4705-998f-c8788692c758', 'UTILITY_INCOME_ACCOUNT', '00a41ec2-615f-4037-bdd9-81543150b132', NULL, '-4000', 'UTILITY_INCOME_ACCOUNT', NULL, NULL, NULL, NULL, NULL, NULL, '2022-05-08 18:41:20', '2022-05-08 18:41:20'),
('3fb419d9-a92e-4d7a-a61b-29d16f9b4570', '80ca829c-1816-4b3a-8703-793e355ee792', 'SERVICE_FEE_INCOME_ACCOUNT', '70c585ed-283d-40dc-9456-023cc03175da', NULL, '-6000', 'SERVICE_FEE_INCOME_ACCOUNT', NULL, NULL, NULL, NULL, NULL, NULL, '2022-05-08 18:31:05', '2022-05-08 18:31:05'),
('406d0cda-a98d-4e0f-9ce7-f8672ff63462', '80ca829c-1816-4b3a-8703-793e355ee792', 'MPESA_ACCOUNT', 'af3b9ea0-64e9-4d9a-bbfa-39975b87c034', NULL, '-9000', 'MPESA_ACCOUNT', NULL, NULL, NULL, NULL, NULL, NULL, '2022-05-08 18:41:14', '2022-05-08 18:41:14'),
('4149202a-1fdd-4844-a9e5-bceb5fa4d931', '80ca829c-1816-4b3a-8703-793e355ee792', 'CASH_ACCOUNT', '00a41ec2-615f-4037-bdd9-81543150b132', NULL, '-10000', 'CASH_ACCOUNT', NULL, NULL, NULL, NULL, NULL, NULL, '2022-05-08 18:41:20', '2022-05-08 18:41:20'),
('4225e41e-1cb5-4a14-bf0e-4f58c8ed79b9', '80ca829c-1816-4b3a-8703-793e355ee792', 'MPESA_ACCOUNT', '70c585ed-283d-40dc-9456-023cc03175da', NULL, '-9000', 'MPESA_ACCOUNT', NULL, NULL, NULL, NULL, NULL, NULL, '2022-05-08 18:31:05', '2022-05-08 18:31:05'),
('4380e269-55bd-417f-a3bb-e5be6efae34b', '80ca829c-1816-4b3a-8703-793e355ee792', 'SERVICE_FEE_INCOME_ACCOUNT', '34fa71b8-f28a-4806-9a2e-21ce2fadfbbd', NULL, '-6000', 'SERVICE_FEE_INCOME_ACCOUNT', NULL, NULL, NULL, NULL, NULL, NULL, '2022-05-08 18:41:42', '2022-05-08 18:41:42'),
('453a880c-480f-49b6-9577-97b87b9700cd', '80ca829c-1816-4b3a-8703-793e355ee792', 'BANK_ACCOUNT', 'e19d2319-8fe8-467d-a19e-9528acaa2656', NULL, '-8000', 'BANK_ACCOUNT', NULL, NULL, NULL, NULL, NULL, NULL, '2022-05-09 18:26:51', '2022-05-09 18:26:51'),
('46a41c49-aaf1-4353-aa7a-c2e9aee47597', '1325481c-8334-4705-998f-c8788692c758', 'RENT_INCOME_ACCOUNT', 'b49b754c-6a9b-40c9-9844-2365ac0ad82a', NULL, '-4000', 'RENT_INCOME_ACCOUNT', NULL, NULL, NULL, NULL, NULL, NULL, '2022-05-12 15:18:49', '2022-05-12 15:18:49'),
('474a1ef3-42fb-47b2-b17f-f462784b8832', '2335efc7-c8e2-4fc0-9113-b7d4b4e58d6b', 'UTILITY_DEPOSIT_ACCOUNT', 'af3b9ea0-64e9-4d9a-bbfa-39975b87c034', NULL, '-2000', 'UTILITY_DEPOSIT_ACCOUNT', NULL, NULL, NULL, NULL, NULL, NULL, '2022-05-08 18:41:14', '2022-05-08 18:41:14'),
('483a3edf-7b45-4fdb-a08b-f3bc75ef717e', '80ca829c-1816-4b3a-8703-793e355ee792', 'CASH_ACCOUNT', 'e913efb7-18d1-41d5-b83e-8c1c81c966b1', NULL, '-10000', 'CASH_ACCOUNT', NULL, NULL, NULL, NULL, NULL, NULL, '2022-05-09 18:28:06', '2022-05-09 18:28:06'),
('4b58d967-ca52-43ec-9aed-06be8b0ba66d', '80ca829c-1816-4b3a-8703-793e355ee792', 'EXTRA_CHARGE_ACCOUNT', 'b49b754c-6a9b-40c9-9844-2365ac0ad82a', NULL, '-3000', 'EXTRA_CHARGE_ACCOUNT', NULL, NULL, NULL, NULL, NULL, NULL, '2022-05-12 15:18:49', '2022-05-12 15:18:49'),
('4b682e05-55bb-492b-b603-bee43f4a4692', '80ca829c-1816-4b3a-8703-793e355ee792', 'WAIVER_ACCOUNT', 'b49b754c-6a9b-40c9-9844-2365ac0ad82a', NULL, '-000', 'WAIVER_ACCOUNT', NULL, NULL, NULL, NULL, NULL, NULL, '2022-05-12 15:18:49', '2022-05-12 15:18:49'),
('5058f317-812c-4cf7-88dd-61c5d450688b', '1325481c-8334-4705-998f-c8788692c758', 'RENT_INCOME_ACCOUNT', 'af3b9ea0-64e9-4d9a-bbfa-39975b87c034', NULL, '-4000', 'RENT_INCOME_ACCOUNT', NULL, NULL, NULL, NULL, NULL, NULL, '2022-05-08 18:41:14', '2022-05-08 18:41:14'),
('5152dd2d-640d-4d3f-919f-7d39ef2d4e1c', '80ca829c-1816-4b3a-8703-793e355ee792', 'SERVICE_FEE_INCOME_ACCOUNT', '9a470677-b4d4-4211-aa42-96dc5bbf3622', NULL, '1212-6000', 'SERVICE_FEE_INCOME_ACCOUNT', NULL, NULL, NULL, NULL, NULL, NULL, '2022-04-23 06:08:33', '2022-04-23 06:08:33'),
('5193f427-d6ef-4299-bb1a-b922e292bdc1', '80ca829c-1816-4b3a-8703-793e355ee792', 'SERVICE_FEE_INCOME_ACCOUNT', '8c42b73f-b043-40ab-9983-178ddd30c0e8', NULL, '-6000', 'SERVICE_FEE_INCOME_ACCOUNT', NULL, NULL, NULL, NULL, NULL, NULL, '2022-05-12 15:17:46', '2022-05-12 15:17:46'),
('5314a840-ea46-42f0-b7b2-9671f99f22e2', '80ca829c-1816-4b3a-8703-793e355ee792', 'SERVICE_FEE_INCOME_ACCOUNT', '97540c7c-1bc3-4cc9-a22d-25d8b0c06c20', NULL, '-6000', 'SERVICE_FEE_INCOME_ACCOUNT', NULL, NULL, NULL, NULL, NULL, NULL, '2022-05-10 14:00:10', '2022-05-10 14:00:10'),
('57194146-17a0-4cca-97dd-e1bffcdcaae8', '2335efc7-c8e2-4fc0-9113-b7d4b4e58d6b', 'VAT_ACCOUNT', 'e19d2319-8fe8-467d-a19e-9528acaa2656', NULL, '-7000', 'VAT_ACCOUNT', NULL, NULL, NULL, NULL, NULL, NULL, '2022-05-09 18:26:51', '2022-05-09 18:26:51'),
('57939212-e85e-4aaa-af80-53de2e34d7b3', '80ca829c-1816-4b3a-8703-793e355ee792', 'MPESA_ACCOUNT', '9a470677-b4d4-4211-aa42-96dc5bbf3622', NULL, '1212-9000', 'MPESA_ACCOUNT', NULL, NULL, NULL, NULL, NULL, NULL, '2022-04-23 06:08:33', '2022-04-23 06:08:33'),
('57f4bb09-e12c-42b8-91ba-e6736829bb8e', '2335efc7-c8e2-4fc0-9113-b7d4b4e58d6b', 'VAT_ACCOUNT', 'b5c5e6b9-4833-4b00-9636-1804f673604d', NULL, '-7000', 'VAT_ACCOUNT', NULL, NULL, NULL, NULL, NULL, NULL, '2022-05-10 14:01:12', '2022-05-10 14:01:12'),
('5b86a622-ca3f-4cb1-8fa3-3f838d4d4fbf', '80ca829c-1816-4b3a-8703-793e355ee792', 'EXTRA_CHARGE_ACCOUNT', '70c585ed-283d-40dc-9456-023cc03175da', NULL, '-3000', 'EXTRA_CHARGE_ACCOUNT', NULL, NULL, NULL, NULL, NULL, NULL, '2022-05-08 18:31:05', '2022-05-08 18:31:05'),
('5d7899a2-2cda-4171-b88a-e00ee7a4e0f9', '1325481c-8334-4705-998f-c8788692c758', 'UTILITY_INCOME_ACCOUNT', '9a470677-b4d4-4211-aa42-96dc5bbf3622', NULL, '1212-4000', 'UTILITY_INCOME_ACCOUNT', NULL, NULL, NULL, NULL, NULL, NULL, '2022-04-23 06:08:33', '2022-04-23 06:08:33'),
('5dfce462-3474-4790-b6a3-3831180c7efe', '1325481c-8334-4705-998f-c8788692c758', 'RENT_INCOME_ACCOUNT', '70c585ed-283d-40dc-9456-023cc03175da', NULL, '-4000', 'RENT_INCOME_ACCOUNT', NULL, NULL, NULL, NULL, NULL, NULL, '2022-05-08 18:31:05', '2022-05-08 18:31:05'),
('5e4010a6-ccf3-4bf4-a808-f33ddd625921', '80ca829c-1816-4b3a-8703-793e355ee792', 'BANK_ACCOUNT', '70c585ed-283d-40dc-9456-023cc03175da', NULL, '-8000', 'BANK_ACCOUNT', NULL, NULL, NULL, NULL, NULL, NULL, '2022-05-08 18:31:05', '2022-05-08 18:31:05'),
('6152797b-ed2f-4039-9468-21583cacfc2d', '80ca829c-1816-4b3a-8703-793e355ee792', 'EXTRA_CHARGE_ACCOUNT', 'e913efb7-18d1-41d5-b83e-8c1c81c966b1', NULL, '-3000', 'EXTRA_CHARGE_ACCOUNT', NULL, NULL, NULL, NULL, NULL, NULL, '2022-05-09 18:28:06', '2022-05-09 18:28:06'),
('623c88f7-6bc4-4672-8122-1a129a1ed48a', '2335efc7-c8e2-4fc0-9113-b7d4b4e58d6b', 'UTILITY_DEPOSIT_ACCOUNT', '0c632487-15d8-4862-acae-66e3c8efbcc9', NULL, '-2000', 'UTILITY_DEPOSIT_ACCOUNT', NULL, NULL, NULL, NULL, NULL, NULL, '2022-05-09 18:33:56', '2022-05-09 18:33:56'),
('645c88b5-4b85-473a-bfe5-c6c0a4e72a60', '1325481c-8334-4705-998f-c8788692c758', 'RENT_INCOME_ACCOUNT', '9a470677-b4d4-4211-aa42-96dc5bbf3622', NULL, '1212-4000', 'RENT_INCOME_ACCOUNT', NULL, NULL, NULL, NULL, NULL, NULL, '2022-04-23 06:08:33', '2022-04-23 06:08:33'),
('66b68113-2249-46f6-b6d8-fb618519fc81', '2335efc7-c8e2-4fc0-9113-b7d4b4e58d6b', 'VAT_ACCOUNT', 'e913efb7-18d1-41d5-b83e-8c1c81c966b1', NULL, '-7000', 'VAT_ACCOUNT', NULL, NULL, NULL, NULL, NULL, NULL, '2022-05-09 18:28:06', '2022-05-09 18:28:06'),
('671dcc58-c29d-4b57-908a-f0431bb26e41', '80ca829c-1816-4b3a-8703-793e355ee792', 'SERVICE_FEE_INCOME_ACCOUNT', 'b4add206-efb2-4e45-955e-eef62915763a', NULL, '-6000', 'SERVICE_FEE_INCOME_ACCOUNT', NULL, NULL, NULL, NULL, NULL, NULL, '2022-05-09 18:33:08', '2022-05-09 18:33:08'),
('680dbaec-fd2f-40b8-88fe-65486802677c', '80ca829c-1816-4b3a-8703-793e355ee792', 'BANK_ACCOUNT', 'eeececab-6b2c-4091-b935-50d977cb6f0e', NULL, '-8000', 'BANK_ACCOUNT', NULL, NULL, NULL, NULL, NULL, NULL, '2022-05-09 18:11:36', '2022-05-09 18:11:36'),
('684cc2a8-b660-4f5e-a412-f2cc5e1030e7', '80ca829c-1816-4b3a-8703-793e355ee792', 'BANK_ACCOUNT', '34fa71b8-f28a-4806-9a2e-21ce2fadfbbd', NULL, '-8000', 'BANK_ACCOUNT', NULL, NULL, NULL, NULL, NULL, NULL, '2022-05-08 18:41:42', '2022-05-08 18:41:42'),
('6863a6ee-90b7-4280-b86c-aaa8d7b85a0c', '2335efc7-c8e2-4fc0-9113-b7d4b4e58d6b', 'VAT_ACCOUNT', '70c585ed-283d-40dc-9456-023cc03175da', NULL, '-7000', 'VAT_ACCOUNT', NULL, NULL, NULL, NULL, NULL, NULL, '2022-05-08 18:31:05', '2022-05-08 18:31:05'),
('69bc9012-bd38-4551-93cf-c0eed6a238ee', '1325481c-8334-4705-998f-c8788692c758', 'UTILITY_INCOME_ACCOUNT', 'eeececab-6b2c-4091-b935-50d977cb6f0e', NULL, '-4000', 'UTILITY_INCOME_ACCOUNT', NULL, NULL, NULL, NULL, NULL, NULL, '2022-05-09 18:11:36', '2022-05-09 18:11:36'),
('6a9d628f-dae3-4087-b623-39452fa1a4f0', '80ca829c-1816-4b3a-8703-793e355ee792', 'BANK_ACCOUNT', 'e913efb7-18d1-41d5-b83e-8c1c81c966b1', NULL, '-8000', 'BANK_ACCOUNT', NULL, NULL, NULL, NULL, NULL, NULL, '2022-05-09 18:28:06', '2022-05-09 18:28:06'),
('6c116609-127c-4d40-9b3d-4f652422af80', '80ca829c-1816-4b3a-8703-793e355ee792', 'WAIVER_ACCOUNT', '97540c7c-1bc3-4cc9-a22d-25d8b0c06c20', NULL, '-000', 'WAIVER_ACCOUNT', NULL, NULL, NULL, NULL, NULL, NULL, '2022-05-10 14:00:10', '2022-05-10 14:00:10'),
('6c736273-00f2-419c-aff5-d141ca215ade', '80ca829c-1816-4b3a-8703-793e355ee792', 'WAIVER_ACCOUNT', '0c632487-15d8-4862-acae-66e3c8efbcc9', NULL, '-000', 'WAIVER_ACCOUNT', NULL, NULL, NULL, NULL, NULL, NULL, '2022-05-09 18:33:56', '2022-05-09 18:33:56'),
('6cd61829-3871-440a-87c4-f57a3f6c3a4b', '1325481c-8334-4705-998f-c8788692c758', 'UTILITY_INCOME_ACCOUNT', '97540c7c-1bc3-4cc9-a22d-25d8b0c06c20', NULL, '-4000', 'UTILITY_INCOME_ACCOUNT', NULL, NULL, NULL, NULL, NULL, NULL, '2022-05-10 14:00:10', '2022-05-10 14:00:10'),
('6ef1b31b-b865-4e7e-9fee-ae315c9d8d7d', '1325481c-8334-4705-998f-c8788692c758', 'RENT_INCOME_ACCOUNT', 'e19d2319-8fe8-467d-a19e-9528acaa2656', NULL, '-4000', 'RENT_INCOME_ACCOUNT', NULL, NULL, NULL, NULL, NULL, NULL, '2022-05-09 18:26:51', '2022-05-09 18:26:51'),
('7012aed0-ddfa-406d-9978-3290b9e67f97', '80ca829c-1816-4b3a-8703-793e355ee792', 'EXTRA_CHARGE_ACCOUNT', 'e19d2319-8fe8-467d-a19e-9528acaa2656', NULL, '-3000', 'EXTRA_CHARGE_ACCOUNT', NULL, NULL, NULL, NULL, NULL, NULL, '2022-05-09 18:26:51', '2022-05-09 18:26:51'),
('73364049-7aec-4ab0-bad2-dfc1ab44e3a2', '80ca829c-1816-4b3a-8703-793e355ee792', 'EXTRA_CHARGE_ACCOUNT', 'eeececab-6b2c-4091-b935-50d977cb6f0e', NULL, '-3000', 'EXTRA_CHARGE_ACCOUNT', NULL, NULL, NULL, NULL, NULL, NULL, '2022-05-09 18:11:36', '2022-05-09 18:11:36'),
('7414157c-1772-4648-a0aa-fe40f644b9c7', '1325481c-8334-4705-998f-c8788692c758', 'PENALTY_INCOME_ACCOUNT', '53b8b52e-3d5e-4bf8-8d5d-a6f2146a2ac8', NULL, '-5000', 'PENALTY_INCOME_ACCOUNT', NULL, NULL, NULL, NULL, NULL, NULL, '2022-05-12 15:17:05', '2022-05-12 15:17:05'),
('74f89681-94ff-4883-b73e-d1d78b42c8fc', '80ca829c-1816-4b3a-8703-793e355ee792', 'CASH_ACCOUNT', '0c632487-15d8-4862-acae-66e3c8efbcc9', NULL, '-10000', 'CASH_ACCOUNT', NULL, NULL, NULL, NULL, NULL, NULL, '2022-05-09 18:33:56', '2022-05-09 18:33:56'),
('75efbaf0-1610-4c7c-af8b-b0630a1d43d4', '1325481c-8334-4705-998f-c8788692c758', 'UTILITY_INCOME_ACCOUNT', '34fa71b8-f28a-4806-9a2e-21ce2fadfbbd', NULL, '-4000', 'UTILITY_INCOME_ACCOUNT', NULL, NULL, NULL, NULL, NULL, NULL, '2022-05-08 18:41:42', '2022-05-08 18:41:42'),
('77d6682a-a0dd-42d8-b657-d865ede3a9b6', '1325481c-8334-4705-998f-c8788692c758', 'PENALTY_INCOME_ACCOUNT', '34fa71b8-f28a-4806-9a2e-21ce2fadfbbd', NULL, '-5000', 'PENALTY_INCOME_ACCOUNT', NULL, NULL, NULL, NULL, NULL, NULL, '2022-05-08 18:41:42', '2022-05-08 18:41:42'),
('781573f2-66bf-4199-a3dc-466943898e69', '2335efc7-c8e2-4fc0-9113-b7d4b4e58d6b', 'UTILITY_DEPOSIT_ACCOUNT', '34fa71b8-f28a-4806-9a2e-21ce2fadfbbd', NULL, '-2000', 'UTILITY_DEPOSIT_ACCOUNT', NULL, NULL, NULL, NULL, NULL, NULL, '2022-05-08 18:41:42', '2022-05-08 18:41:42'),
('7a0ef1be-32d6-4311-91b0-e494c494ab2f', '1325481c-8334-4705-998f-c8788692c758', 'UTILITY_INCOME_ACCOUNT', 'af3b9ea0-64e9-4d9a-bbfa-39975b87c034', NULL, '-4000', 'UTILITY_INCOME_ACCOUNT', NULL, NULL, NULL, NULL, NULL, NULL, '2022-05-08 18:41:14', '2022-05-08 18:41:14'),
('7c6430de-5c47-4d83-8122-b6c1bb96dbc6', '80ca829c-1816-4b3a-8703-793e355ee792', 'WAIVER_ACCOUNT', '70c585ed-283d-40dc-9456-023cc03175da', NULL, '-000', 'WAIVER_ACCOUNT', NULL, NULL, NULL, NULL, NULL, NULL, '2022-05-08 18:31:05', '2022-05-08 18:31:05'),
('7c8e6af2-9cf7-49db-a4e9-fb439b972c92', '80ca829c-1816-4b3a-8703-793e355ee792', 'BANK_ACCOUNT', '00a41ec2-615f-4037-bdd9-81543150b132', NULL, '-8000', 'BANK_ACCOUNT', NULL, NULL, NULL, NULL, NULL, NULL, '2022-05-08 18:41:20', '2022-05-08 18:41:20'),
('7cc88705-9d77-40e4-99ab-0fed4941b94f', '80ca829c-1816-4b3a-8703-793e355ee792', 'SERVICE_FEE_INCOME_ACCOUNT', '00a41ec2-615f-4037-bdd9-81543150b132', NULL, '-6000', 'SERVICE_FEE_INCOME_ACCOUNT', NULL, NULL, NULL, NULL, NULL, NULL, '2022-05-08 18:41:20', '2022-05-08 18:41:20'),
('7d2ddc99-95cc-4c33-8a91-1b25177c120f', '80ca829c-1816-4b3a-8703-793e355ee792', 'SERVICE_FEE_INCOME_ACCOUNT', 'b5c5e6b9-4833-4b00-9636-1804f673604d', NULL, '-6000', 'SERVICE_FEE_INCOME_ACCOUNT', NULL, NULL, NULL, NULL, NULL, NULL, '2022-05-10 14:01:12', '2022-05-10 14:01:12'),
('8133da81-5031-4883-bcb7-beaccfe95eda', '2335efc7-c8e2-4fc0-9113-b7d4b4e58d6b', 'RENT_DEPOSIT_ACCOUNT', 'e913efb7-18d1-41d5-b83e-8c1c81c966b1', NULL, '-1000', 'RENT_DEPOSIT_ACCOUNT', NULL, NULL, NULL, NULL, NULL, NULL, '2022-05-09 18:28:06', '2022-05-09 18:28:06'),
('83a4ea23-1f8f-4832-be26-f5c0679a1f95', '2335efc7-c8e2-4fc0-9113-b7d4b4e58d6b', 'VAT_ACCOUNT', '0c632487-15d8-4862-acae-66e3c8efbcc9', NULL, '-7000', 'VAT_ACCOUNT', NULL, NULL, NULL, NULL, NULL, NULL, '2022-05-09 18:33:56', '2022-05-09 18:33:56'),
('88974f69-1111-45b3-ad64-51b574d495d5', '80ca829c-1816-4b3a-8703-793e355ee792', 'CASH_ACCOUNT', 'eeececab-6b2c-4091-b935-50d977cb6f0e', NULL, '-10000', 'CASH_ACCOUNT', NULL, NULL, NULL, NULL, NULL, NULL, '2022-05-09 18:11:36', '2022-05-09 18:11:36'),
('8ad17c32-1ccb-4340-a350-a83b9f96fb0c', '80ca829c-1816-4b3a-8703-793e355ee792', 'BANK_ACCOUNT', '97540c7c-1bc3-4cc9-a22d-25d8b0c06c20', NULL, '-8000', 'BANK_ACCOUNT', NULL, NULL, NULL, NULL, NULL, NULL, '2022-05-10 14:00:10', '2022-05-10 14:00:10'),
('8affd155-c385-402b-ba01-c449aba7188c', '2335efc7-c8e2-4fc0-9113-b7d4b4e58d6b', 'RENT_DEPOSIT_ACCOUNT', '70c585ed-283d-40dc-9456-023cc03175da', NULL, '-1000', 'RENT_DEPOSIT_ACCOUNT', NULL, NULL, NULL, NULL, NULL, NULL, '2022-05-08 18:31:05', '2022-05-08 18:31:05'),
('8b5e64ea-c848-4694-b746-0676696e1423', '2335efc7-c8e2-4fc0-9113-b7d4b4e58d6b', 'UTILITY_DEPOSIT_ACCOUNT', '9a470677-b4d4-4211-aa42-96dc5bbf3622', NULL, '1212-2000', 'UTILITY_DEPOSIT_ACCOUNT', NULL, NULL, NULL, NULL, NULL, NULL, '2022-04-23 06:08:33', '2022-04-23 06:08:33'),
('8b848700-dc52-428d-8cd8-071a53dafb5d', '2335efc7-c8e2-4fc0-9113-b7d4b4e58d6b', 'RENT_DEPOSIT_ACCOUNT', '0c632487-15d8-4862-acae-66e3c8efbcc9', NULL, '-1000', 'RENT_DEPOSIT_ACCOUNT', NULL, NULL, NULL, NULL, NULL, NULL, '2022-05-09 18:33:56', '2022-05-09 18:33:56'),
('8c70d23c-c430-46c6-8725-c5de6b360e2c', '1325481c-8334-4705-998f-c8788692c758', 'UTILITY_INCOME_ACCOUNT', 'b5c5e6b9-4833-4b00-9636-1804f673604d', NULL, '-4000', 'UTILITY_INCOME_ACCOUNT', NULL, NULL, NULL, NULL, NULL, NULL, '2022-05-10 14:01:12', '2022-05-10 14:01:12'),
('8c866409-d61d-4999-9b6d-7aea6a5ca28d', '80ca829c-1816-4b3a-8703-793e355ee792', 'SERVICE_FEE_INCOME_ACCOUNT', 'e913efb7-18d1-41d5-b83e-8c1c81c966b1', NULL, '-6000', 'SERVICE_FEE_INCOME_ACCOUNT', NULL, NULL, NULL, NULL, NULL, NULL, '2022-05-09 18:28:06', '2022-05-09 18:28:06'),
('8dc79240-c9e9-4a6c-ad06-a780d554bc3d', '1325481c-8334-4705-998f-c8788692c758', 'RENT_INCOME_ACCOUNT', 'eeececab-6b2c-4091-b935-50d977cb6f0e', NULL, '-4000', 'RENT_INCOME_ACCOUNT', NULL, NULL, NULL, NULL, NULL, NULL, '2022-05-09 18:11:36', '2022-05-09 18:11:36'),
('8ee8c626-130b-454a-b8c8-1e835ba2dcc4', '2335efc7-c8e2-4fc0-9113-b7d4b4e58d6b', 'RENT_DEPOSIT_ACCOUNT', '9a470677-b4d4-4211-aa42-96dc5bbf3622', NULL, '1212-1000', 'RENT_DEPOSIT_ACCOUNT', NULL, NULL, NULL, NULL, NULL, NULL, '2022-04-23 06:08:33', '2022-04-23 06:08:33'),
('8f49507c-5f8d-4636-ae4c-ba14aa16fda8', '80ca829c-1816-4b3a-8703-793e355ee792', 'WAIVER_ACCOUNT', '8c42b73f-b043-40ab-9983-178ddd30c0e8', NULL, '-000', 'WAIVER_ACCOUNT', NULL, NULL, NULL, NULL, NULL, NULL, '2022-05-12 15:17:46', '2022-05-12 15:17:46'),
('901781fc-acb8-43b5-9156-1da320a8448f', '1325481c-8334-4705-998f-c8788692c758', 'PENALTY_INCOME_ACCOUNT', 'e19d2319-8fe8-467d-a19e-9528acaa2656', NULL, '-5000', 'PENALTY_INCOME_ACCOUNT', NULL, NULL, NULL, NULL, NULL, NULL, '2022-05-09 18:26:51', '2022-05-09 18:26:51'),
('905b90d7-6685-4460-8090-a6ecb418b47e', '1325481c-8334-4705-998f-c8788692c758', 'UTILITY_INCOME_ACCOUNT', 'b49b754c-6a9b-40c9-9844-2365ac0ad82a', NULL, '-4000', 'UTILITY_INCOME_ACCOUNT', NULL, NULL, NULL, NULL, NULL, NULL, '2022-05-12 15:18:49', '2022-05-12 15:18:49'),
('90907f20-2bec-47ea-9df5-d8e2981a127e', '1325481c-8334-4705-998f-c8788692c758', 'RENT_INCOME_ACCOUNT', 'b4add206-efb2-4e45-955e-eef62915763a', NULL, '-4000', 'RENT_INCOME_ACCOUNT', NULL, NULL, NULL, NULL, NULL, NULL, '2022-05-09 18:33:08', '2022-05-09 18:33:08'),
('91ae729c-b150-4d3e-9c08-00b9ab2f1777', '1325481c-8334-4705-998f-c8788692c758', 'PENALTY_INCOME_ACCOUNT', 'b4add206-efb2-4e45-955e-eef62915763a', NULL, '-5000', 'PENALTY_INCOME_ACCOUNT', NULL, NULL, NULL, NULL, NULL, NULL, '2022-05-09 18:33:08', '2022-05-09 18:33:08'),
('9249e203-488c-4857-9d07-f8003ab91968', '80ca829c-1816-4b3a-8703-793e355ee792', 'MPESA_ACCOUNT', '8c42b73f-b043-40ab-9983-178ddd30c0e8', NULL, '-9000', 'MPESA_ACCOUNT', NULL, NULL, NULL, NULL, NULL, NULL, '2022-05-12 15:17:46', '2022-05-12 15:17:46'),
('94feb2bc-a35f-4fa9-acbf-f920fc6877f6', '2335efc7-c8e2-4fc0-9113-b7d4b4e58d6b', 'RENT_DEPOSIT_ACCOUNT', '34fa71b8-f28a-4806-9a2e-21ce2fadfbbd', NULL, '-1000', 'RENT_DEPOSIT_ACCOUNT', NULL, NULL, NULL, NULL, NULL, NULL, '2022-05-08 18:41:42', '2022-05-08 18:41:42'),
('973a92f9-1dba-416b-88e9-111034c4fd0a', '80ca829c-1816-4b3a-8703-793e355ee792', 'EXTRA_CHARGE_ACCOUNT', 'b4add206-efb2-4e45-955e-eef62915763a', NULL, '-3000', 'EXTRA_CHARGE_ACCOUNT', NULL, NULL, NULL, NULL, NULL, NULL, '2022-05-09 18:33:08', '2022-05-09 18:33:08'),
('9a3e7d5e-12e4-4d1f-98c4-80fe3d0dbc9a', '2335efc7-c8e2-4fc0-9113-b7d4b4e58d6b', 'UTILITY_DEPOSIT_ACCOUNT', 'eeececab-6b2c-4091-b935-50d977cb6f0e', NULL, '-2000', 'UTILITY_DEPOSIT_ACCOUNT', NULL, NULL, NULL, NULL, NULL, NULL, '2022-05-09 18:11:36', '2022-05-09 18:11:36'),
('9a46e9c3-604d-4b8c-bf1c-d3f5bf98f94c', '80ca829c-1816-4b3a-8703-793e355ee792', 'BANK_ACCOUNT', '9a470677-b4d4-4211-aa42-96dc5bbf3622', NULL, '1212-8000', 'BANK_ACCOUNT', NULL, NULL, NULL, NULL, NULL, NULL, '2022-04-23 06:08:33', '2022-04-23 06:08:33'),
('9a75915a-2b54-4059-aa2a-6da8bf3fe965', '2335efc7-c8e2-4fc0-9113-b7d4b4e58d6b', 'RENT_DEPOSIT_ACCOUNT', '97540c7c-1bc3-4cc9-a22d-25d8b0c06c20', NULL, '-1000', 'RENT_DEPOSIT_ACCOUNT', NULL, NULL, NULL, NULL, NULL, NULL, '2022-05-10 14:00:10', '2022-05-10 14:00:10'),
('9a7a4d54-bb44-48c5-9cf6-68ddc340c788', '1325481c-8334-4705-998f-c8788692c758', 'PENALTY_INCOME_ACCOUNT', '8c42b73f-b043-40ab-9983-178ddd30c0e8', NULL, '-5000', 'PENALTY_INCOME_ACCOUNT', NULL, NULL, NULL, NULL, NULL, NULL, '2022-05-12 15:17:46', '2022-05-12 15:17:46'),
('9af0bcf8-7a51-4165-8eed-bf5523df8905', '1325481c-8334-4705-998f-c8788692c758', 'RENT_INCOME_ACCOUNT', '34fa71b8-f28a-4806-9a2e-21ce2fadfbbd', NULL, '-4000', 'RENT_INCOME_ACCOUNT', NULL, NULL, NULL, NULL, NULL, NULL, '2022-05-08 18:41:42', '2022-05-08 18:41:42'),
('9def731a-b66f-42a7-823e-b90855eb2a0e', '80ca829c-1816-4b3a-8703-793e355ee792', 'BANK_ACCOUNT', 'b4add206-efb2-4e45-955e-eef62915763a', NULL, '-8000', 'BANK_ACCOUNT', NULL, NULL, NULL, NULL, NULL, NULL, '2022-05-09 18:33:08', '2022-05-09 18:33:08'),
('9e11d9ea-010b-4382-88a8-edadd2b2c687', '1325481c-8334-4705-998f-c8788692c758', 'PENALTY_INCOME_ACCOUNT', 'eeececab-6b2c-4091-b935-50d977cb6f0e', NULL, '-5000', 'PENALTY_INCOME_ACCOUNT', NULL, NULL, NULL, NULL, NULL, NULL, '2022-05-09 18:11:36', '2022-05-09 18:11:36'),
('9e2b5971-01af-4404-9d1c-4064b247b982', '2335efc7-c8e2-4fc0-9113-b7d4b4e58d6b', 'UTILITY_DEPOSIT_ACCOUNT', '53b8b52e-3d5e-4bf8-8d5d-a6f2146a2ac8', NULL, '-2000', 'UTILITY_DEPOSIT_ACCOUNT', NULL, NULL, NULL, NULL, NULL, NULL, '2022-05-12 15:17:05', '2022-05-12 15:17:05'),
('9ebb4e6b-97aa-4e2d-89dd-fb8dd6d3eadb', '80ca829c-1816-4b3a-8703-793e355ee792', 'WAIVER_ACCOUNT', 'e19d2319-8fe8-467d-a19e-9528acaa2656', NULL, '-000', 'WAIVER_ACCOUNT', NULL, NULL, NULL, NULL, NULL, NULL, '2022-05-09 18:26:51', '2022-05-09 18:26:51'),
('9ed138d8-9834-4abb-b376-487698e81d26', '80ca829c-1816-4b3a-8703-793e355ee792', 'LEASE_SUSPENSE', '9a470677-b4d4-4211-aa42-96dc5bbf3622', '55ebd3bd-5af1-42d0-875b-5d61eb3fe526', '999-LS0001', 'LEASE_SUSPENSE', NULL, NULL, NULL, NULL, NULL, NULL, '2022-04-23 06:14:01', '2022-04-23 06:14:01'),
('a3e42cdd-6230-45d5-bfd2-348a8be9a6a9', '80ca829c-1816-4b3a-8703-793e355ee792', 'SERVICE_FEE_INCOME_ACCOUNT', '53b8b52e-3d5e-4bf8-8d5d-a6f2146a2ac8', NULL, '-6000', 'SERVICE_FEE_INCOME_ACCOUNT', NULL, NULL, NULL, NULL, NULL, NULL, '2022-05-12 15:17:05', '2022-05-12 15:17:05'),
('a45453c9-d1a8-45a0-9c71-f1562715ebab', '1325481c-8334-4705-998f-c8788692c758', 'RENT_INCOME_ACCOUNT', '8c42b73f-b043-40ab-9983-178ddd30c0e8', NULL, '-4000', 'RENT_INCOME_ACCOUNT', NULL, NULL, NULL, NULL, NULL, NULL, '2022-05-12 15:17:46', '2022-05-12 15:17:46'),
('a652e244-b965-4c9c-be4a-d30b69287108', '2335efc7-c8e2-4fc0-9113-b7d4b4e58d6b', 'VAT_ACCOUNT', '53b8b52e-3d5e-4bf8-8d5d-a6f2146a2ac8', NULL, '-7000', 'VAT_ACCOUNT', NULL, NULL, NULL, NULL, NULL, NULL, '2022-05-12 15:17:05', '2022-05-12 15:17:05'),
('a7cd15b0-4afc-4776-8f6e-f3af72057b6f', '80ca829c-1816-4b3a-8703-793e355ee792', 'CASH_ACCOUNT', 'b4add206-efb2-4e45-955e-eef62915763a', NULL, '-10000', 'CASH_ACCOUNT', NULL, NULL, NULL, NULL, NULL, NULL, '2022-05-09 18:33:08', '2022-05-09 18:33:08'),
('a90c5b6a-16d2-41cf-a3cc-b6bf270ec141', '80ca829c-1816-4b3a-8703-793e355ee792', 'SERVICE_FEE_INCOME_ACCOUNT', 'e19d2319-8fe8-467d-a19e-9528acaa2656', NULL, '-6000', 'SERVICE_FEE_INCOME_ACCOUNT', NULL, NULL, NULL, NULL, NULL, NULL, '2022-05-09 18:26:51', '2022-05-09 18:26:51'),
('ab11ab75-22d0-4276-b573-5244296ba078', '1325481c-8334-4705-998f-c8788692c758', 'RENT_INCOME_ACCOUNT', '97540c7c-1bc3-4cc9-a22d-25d8b0c06c20', NULL, '-4000', 'RENT_INCOME_ACCOUNT', NULL, NULL, NULL, NULL, NULL, NULL, '2022-05-10 14:00:10', '2022-05-10 14:00:10'),
('ad5012fc-6c49-45c4-aa66-747a259581c7', '80ca829c-1816-4b3a-8703-793e355ee792', 'CASH_ACCOUNT', 'e19d2319-8fe8-467d-a19e-9528acaa2656', NULL, '-10000', 'CASH_ACCOUNT', NULL, NULL, NULL, NULL, NULL, NULL, '2022-05-09 18:26:51', '2022-05-09 18:26:51'),
('ae9de17d-9369-44d0-8ae6-73e5c93e2300', '80ca829c-1816-4b3a-8703-793e355ee792', 'CASH_ACCOUNT', '8c42b73f-b043-40ab-9983-178ddd30c0e8', NULL, '-10000', 'CASH_ACCOUNT', NULL, NULL, NULL, NULL, NULL, NULL, '2022-05-12 15:17:46', '2022-05-12 15:17:46'),
('aeec6f44-0831-4894-b78f-d6831ba5a69d', '1325481c-8334-4705-998f-c8788692c758', 'RENT_INCOME_ACCOUNT', '0c632487-15d8-4862-acae-66e3c8efbcc9', NULL, '-4000', 'RENT_INCOME_ACCOUNT', NULL, NULL, NULL, NULL, NULL, NULL, '2022-05-09 18:33:56', '2022-05-09 18:33:56'),
('b0ec8b27-6aa7-4ddc-8110-57026dd55ebb', '80ca829c-1816-4b3a-8703-793e355ee792', 'MPESA_ACCOUNT', '53b8b52e-3d5e-4bf8-8d5d-a6f2146a2ac8', NULL, '-9000', 'MPESA_ACCOUNT', NULL, NULL, NULL, NULL, NULL, NULL, '2022-05-12 15:17:05', '2022-05-12 15:17:05'),
('b132e157-4fe4-4c9e-9a4f-f4760f2d56ab', '80ca829c-1816-4b3a-8703-793e355ee792', 'EXTRA_CHARGE_ACCOUNT', '00a41ec2-615f-4037-bdd9-81543150b132', NULL, '-3000', 'EXTRA_CHARGE_ACCOUNT', NULL, NULL, NULL, NULL, NULL, NULL, '2022-05-08 18:41:20', '2022-05-08 18:41:20'),
('b2fd432e-bee8-4c32-b083-215bfabd426d', '2335efc7-c8e2-4fc0-9113-b7d4b4e58d6b', 'VAT_ACCOUNT', '00a41ec2-615f-4037-bdd9-81543150b132', NULL, '-7000', 'VAT_ACCOUNT', NULL, NULL, NULL, NULL, NULL, NULL, '2022-05-08 18:41:20', '2022-05-08 18:41:20'),
('b3377804-7f98-4b0e-868c-23ce29ce90b3', '80ca829c-1816-4b3a-8703-793e355ee792', 'BANK_ACCOUNT', 'af3b9ea0-64e9-4d9a-bbfa-39975b87c034', NULL, '-8000', 'BANK_ACCOUNT', NULL, NULL, NULL, NULL, NULL, NULL, '2022-05-08 18:41:14', '2022-05-08 18:41:14'),
('b3a189ad-5218-4a97-8d08-52a2241cb09e', '80ca829c-1816-4b3a-8703-793e355ee792', 'SERVICE_FEE_INCOME_ACCOUNT', 'b49b754c-6a9b-40c9-9844-2365ac0ad82a', NULL, '-6000', 'SERVICE_FEE_INCOME_ACCOUNT', NULL, NULL, NULL, NULL, NULL, NULL, '2022-05-12 15:18:49', '2022-05-12 15:18:49'),
('b47d5d58-e62e-4d2d-9b43-28187142ab70', '2335efc7-c8e2-4fc0-9113-b7d4b4e58d6b', 'RENT_DEPOSIT_ACCOUNT', '53b8b52e-3d5e-4bf8-8d5d-a6f2146a2ac8', NULL, '-1000', 'RENT_DEPOSIT_ACCOUNT', NULL, NULL, NULL, NULL, NULL, NULL, '2022-05-12 15:17:05', '2022-05-12 15:17:05'),
('ba545f7e-e926-463f-8d85-73d070367348', '2335efc7-c8e2-4fc0-9113-b7d4b4e58d6b', 'UTILITY_DEPOSIT_ACCOUNT', 'e913efb7-18d1-41d5-b83e-8c1c81c966b1', NULL, '-2000', 'UTILITY_DEPOSIT_ACCOUNT', NULL, NULL, NULL, NULL, NULL, NULL, '2022-05-09 18:28:06', '2022-05-09 18:28:06'),
('bb1527f8-da55-4ce9-b6ef-810a92ae7f99', '80ca829c-1816-4b3a-8703-793e355ee792', 'BANK_ACCOUNT', 'b49b754c-6a9b-40c9-9844-2365ac0ad82a', NULL, '-8000', 'BANK_ACCOUNT', NULL, NULL, NULL, NULL, NULL, NULL, '2022-05-12 15:18:49', '2022-05-12 15:18:49'),
('bc6f28c9-d259-4df2-9801-ed5d87e86357', '80ca829c-1816-4b3a-8703-793e355ee792', 'MPESA_ACCOUNT', 'e19d2319-8fe8-467d-a19e-9528acaa2656', NULL, '-9000', 'MPESA_ACCOUNT', NULL, NULL, NULL, NULL, NULL, NULL, '2022-05-09 18:26:51', '2022-05-09 18:26:51'),
('bc70d72a-1cf3-4ff4-b977-595eb3daf42d', '80ca829c-1816-4b3a-8703-793e355ee792', 'MPESA_ACCOUNT', '00a41ec2-615f-4037-bdd9-81543150b132', NULL, '-9000', 'MPESA_ACCOUNT', NULL, NULL, NULL, NULL, NULL, NULL, '2022-05-08 18:41:20', '2022-05-08 18:41:20'),
('bd6d7c7a-14ee-40f2-bb0e-832fe462668b', '1325481c-8334-4705-998f-c8788692c758', 'UTILITY_INCOME_ACCOUNT', '0c632487-15d8-4862-acae-66e3c8efbcc9', NULL, '-4000', 'UTILITY_INCOME_ACCOUNT', NULL, NULL, NULL, NULL, NULL, NULL, '2022-05-09 18:33:56', '2022-05-09 18:33:56'),
('bee61795-0741-4c24-b7ec-223fe2972f6d', '2335efc7-c8e2-4fc0-9113-b7d4b4e58d6b', 'UTILITY_DEPOSIT_ACCOUNT', 'e19d2319-8fe8-467d-a19e-9528acaa2656', NULL, '-2000', 'UTILITY_DEPOSIT_ACCOUNT', NULL, NULL, NULL, NULL, NULL, NULL, '2022-05-09 18:26:51', '2022-05-09 18:26:51'),
('c227ce7d-15c3-4fa3-91f9-0264b42f1549', '2335efc7-c8e2-4fc0-9113-b7d4b4e58d6b', 'UTILITY_DEPOSIT_ACCOUNT', '8c42b73f-b043-40ab-9983-178ddd30c0e8', NULL, '-2000', 'UTILITY_DEPOSIT_ACCOUNT', NULL, NULL, NULL, NULL, NULL, NULL, '2022-05-12 15:17:46', '2022-05-12 15:17:46'),
('c3096f87-8679-4aa4-8796-6a8ceaa42c12', '80ca829c-1816-4b3a-8703-793e355ee792', 'WAIVER_ACCOUNT', '53b8b52e-3d5e-4bf8-8d5d-a6f2146a2ac8', NULL, '-000', 'WAIVER_ACCOUNT', NULL, NULL, NULL, NULL, NULL, NULL, '2022-05-12 15:17:05', '2022-05-12 15:17:05'),
('c4b2c598-28c3-46e6-8771-f4302b186405', '80ca829c-1816-4b3a-8703-793e355ee792', 'WAIVER_ACCOUNT', '34fa71b8-f28a-4806-9a2e-21ce2fadfbbd', NULL, '-000', 'WAIVER_ACCOUNT', NULL, NULL, NULL, NULL, NULL, NULL, '2022-05-08 18:41:42', '2022-05-08 18:41:42'),
('c78ff2fa-5421-4729-ab71-def5b7a95b2e', '2335efc7-c8e2-4fc0-9113-b7d4b4e58d6b', 'UTILITY_DEPOSIT_ACCOUNT', '97540c7c-1bc3-4cc9-a22d-25d8b0c06c20', NULL, '-2000', 'UTILITY_DEPOSIT_ACCOUNT', NULL, NULL, NULL, NULL, NULL, NULL, '2022-05-10 14:00:10', '2022-05-10 14:00:10'),
('caa17532-706c-48db-8e50-f1e44c340817', '2335efc7-c8e2-4fc0-9113-b7d4b4e58d6b', 'UTILITY_DEPOSIT_ACCOUNT', 'b49b754c-6a9b-40c9-9844-2365ac0ad82a', NULL, '-2000', 'UTILITY_DEPOSIT_ACCOUNT', NULL, NULL, NULL, NULL, NULL, NULL, '2022-05-12 15:18:49', '2022-05-12 15:18:49'),
('ccac144c-f3b6-4a20-863d-88bad31e22eb', '80ca829c-1816-4b3a-8703-793e355ee792', 'BANK_ACCOUNT', '8c42b73f-b043-40ab-9983-178ddd30c0e8', NULL, '-8000', 'BANK_ACCOUNT', NULL, NULL, NULL, NULL, NULL, NULL, '2022-05-12 15:17:46', '2022-05-12 15:17:46'),
('cf3d7970-faff-4918-82ff-20187af7a0af', '1325481c-8334-4705-998f-c8788692c758', 'UTILITY_INCOME_ACCOUNT', 'e19d2319-8fe8-467d-a19e-9528acaa2656', NULL, '-4000', 'UTILITY_INCOME_ACCOUNT', NULL, NULL, NULL, NULL, NULL, NULL, '2022-05-09 18:26:51', '2022-05-09 18:26:51'),
('d162cc6d-6ea6-4c8a-a4d6-96a7a87697ca', '80ca829c-1816-4b3a-8703-793e355ee792', 'SERVICE_FEE_INCOME_ACCOUNT', '0c632487-15d8-4862-acae-66e3c8efbcc9', NULL, '-6000', 'SERVICE_FEE_INCOME_ACCOUNT', NULL, NULL, NULL, NULL, NULL, NULL, '2022-05-09 18:33:56', '2022-05-09 18:33:56'),
('d1829e92-e232-4fdb-b2b7-4a6f4d1f9a7b', '80ca829c-1816-4b3a-8703-793e355ee792', 'BANK_ACCOUNT', 'b5c5e6b9-4833-4b00-9636-1804f673604d', NULL, '-8000', 'BANK_ACCOUNT', NULL, NULL, NULL, NULL, NULL, NULL, '2022-05-10 14:01:12', '2022-05-10 14:01:12'),
('d2fad22c-0a56-4c49-8335-ffbf6c1f6c46', '80ca829c-1816-4b3a-8703-793e355ee792', 'CASH_ACCOUNT', 'af3b9ea0-64e9-4d9a-bbfa-39975b87c034', NULL, '-10000', 'CASH_ACCOUNT', NULL, NULL, NULL, NULL, NULL, NULL, '2022-05-08 18:41:14', '2022-05-08 18:41:14'),
('d52b8bac-b1b8-4ff4-9e3a-5f837186c247', '80ca829c-1816-4b3a-8703-793e355ee792', 'EXTRA_CHARGE_ACCOUNT', '53b8b52e-3d5e-4bf8-8d5d-a6f2146a2ac8', NULL, '-3000', 'EXTRA_CHARGE_ACCOUNT', NULL, NULL, NULL, NULL, NULL, NULL, '2022-05-12 15:17:05', '2022-05-12 15:17:05'),
('d5f0c209-7d8a-40a5-ae52-3b335d92da1b', '1325481c-8334-4705-998f-c8788692c758', 'UTILITY_INCOME_ACCOUNT', '8c42b73f-b043-40ab-9983-178ddd30c0e8', NULL, '-4000', 'UTILITY_INCOME_ACCOUNT', NULL, NULL, NULL, NULL, NULL, NULL, '2022-05-12 15:17:46', '2022-05-12 15:17:46'),
('d9fb2271-24ee-4735-adb4-9b189dbb474b', '80ca829c-1816-4b3a-8703-793e355ee792', 'CASH_ACCOUNT', 'b5c5e6b9-4833-4b00-9636-1804f673604d', NULL, '-10000', 'CASH_ACCOUNT', NULL, NULL, NULL, NULL, NULL, NULL, '2022-05-10 14:01:12', '2022-05-10 14:01:12'),
('daad9dfb-6507-454c-a68f-7e1dde8293bc', '80ca829c-1816-4b3a-8703-793e355ee792', 'MPESA_ACCOUNT', 'b5c5e6b9-4833-4b00-9636-1804f673604d', NULL, '-9000', 'MPESA_ACCOUNT', NULL, NULL, NULL, NULL, NULL, NULL, '2022-05-10 14:01:12', '2022-05-10 14:01:12'),
('db982d60-7836-4ba0-890d-4e80adcca86d', '2335efc7-c8e2-4fc0-9113-b7d4b4e58d6b', 'RENT_DEPOSIT_ACCOUNT', '00a41ec2-615f-4037-bdd9-81543150b132', NULL, '-1000', 'RENT_DEPOSIT_ACCOUNT', NULL, NULL, NULL, NULL, NULL, NULL, '2022-05-08 18:41:20', '2022-05-08 18:41:20'),
('dd9bb021-99f1-4559-b319-647a34ce094a', '2335efc7-c8e2-4fc0-9113-b7d4b4e58d6b', 'UTILITY_DEPOSIT_ACCOUNT', '00a41ec2-615f-4037-bdd9-81543150b132', NULL, '-2000', 'UTILITY_DEPOSIT_ACCOUNT', NULL, NULL, NULL, NULL, NULL, NULL, '2022-05-08 18:41:20', '2022-05-08 18:41:20'),
('de01e18d-17d4-4a05-bf90-f8975d354e5e', '2335efc7-c8e2-4fc0-9113-b7d4b4e58d6b', 'VAT_ACCOUNT', 'af3b9ea0-64e9-4d9a-bbfa-39975b87c034', NULL, '-7000', 'VAT_ACCOUNT', NULL, NULL, NULL, NULL, NULL, NULL, '2022-05-08 18:41:14', '2022-05-08 18:41:14'),
('deb85b30-2858-4dde-8a45-65cc26eb88e2', '80ca829c-1816-4b3a-8703-793e355ee792', 'SERVICE_FEE_INCOME_ACCOUNT', 'eeececab-6b2c-4091-b935-50d977cb6f0e', NULL, '-6000', 'SERVICE_FEE_INCOME_ACCOUNT', NULL, NULL, NULL, NULL, NULL, NULL, '2022-05-09 18:11:36', '2022-05-09 18:11:36'),
('e1b8e3b1-57fc-4085-bf3c-8229ea1f80d9', '80ca829c-1816-4b3a-8703-793e355ee792', 'MPESA_ACCOUNT', '97540c7c-1bc3-4cc9-a22d-25d8b0c06c20', NULL, '-9000', 'MPESA_ACCOUNT', NULL, NULL, NULL, NULL, NULL, NULL, '2022-05-10 14:00:10', '2022-05-10 14:00:10'),
('e24072c7-c0cd-4961-8682-cd8dedbe8624', '80ca829c-1816-4b3a-8703-793e355ee792', 'WAIVER_ACCOUNT', 'b4add206-efb2-4e45-955e-eef62915763a', NULL, '-000', 'WAIVER_ACCOUNT', NULL, NULL, NULL, NULL, NULL, NULL, '2022-05-09 18:33:08', '2022-05-09 18:33:08'),
('e77b2028-8164-44d6-94d4-89b44e858b0e', '80ca829c-1816-4b3a-8703-793e355ee792', 'MPESA_ACCOUNT', 'eeececab-6b2c-4091-b935-50d977cb6f0e', NULL, '-9000', 'MPESA_ACCOUNT', NULL, NULL, NULL, NULL, NULL, NULL, '2022-05-09 18:11:36', '2022-05-09 18:11:36'),
('e7d6bf5b-69b6-403b-aa28-6e83fc3a01b0', '1325481c-8334-4705-998f-c8788692c758', 'PENALTY_INCOME_ACCOUNT', 'b49b754c-6a9b-40c9-9844-2365ac0ad82a', NULL, '-5000', 'PENALTY_INCOME_ACCOUNT', NULL, NULL, NULL, NULL, NULL, NULL, '2022-05-12 15:18:49', '2022-05-12 15:18:49'),
('ebca0870-2116-463b-b797-d7dfb65f27de', '1325481c-8334-4705-998f-c8788692c758', 'UTILITY_INCOME_ACCOUNT', 'e913efb7-18d1-41d5-b83e-8c1c81c966b1', NULL, '-4000', 'UTILITY_INCOME_ACCOUNT', NULL, NULL, NULL, NULL, NULL, NULL, '2022-05-09 18:28:06', '2022-05-09 18:28:06'),
('ec8cb2e1-f34b-4c76-bf33-ebac614a6900', '80ca829c-1816-4b3a-8703-793e355ee792', 'WAIVER_ACCOUNT', 'e913efb7-18d1-41d5-b83e-8c1c81c966b1', NULL, '-000', 'WAIVER_ACCOUNT', NULL, NULL, NULL, NULL, NULL, NULL, '2022-05-09 18:28:06', '2022-05-09 18:28:06'),
('f18bf1b3-3f1c-4a31-b635-7c59a8a94c68', '80ca829c-1816-4b3a-8703-793e355ee792', 'WAIVER_ACCOUNT', 'eeececab-6b2c-4091-b935-50d977cb6f0e', NULL, '-000', 'WAIVER_ACCOUNT', NULL, NULL, NULL, NULL, NULL, NULL, '2022-05-09 18:11:36', '2022-05-09 18:11:36'),
('f2b85b41-7b71-4e70-bc74-cdf2be4cf4ef', '1325481c-8334-4705-998f-c8788692c758', 'RENT_INCOME_ACCOUNT', 'e913efb7-18d1-41d5-b83e-8c1c81c966b1', NULL, '-4000', 'RENT_INCOME_ACCOUNT', NULL, NULL, NULL, NULL, NULL, NULL, '2022-05-09 18:28:06', '2022-05-09 18:28:06'),
('f321d8d8-9db7-4854-b1ef-c31d8db648b7', '80ca829c-1816-4b3a-8703-793e355ee792', 'MPESA_ACCOUNT', 'b49b754c-6a9b-40c9-9844-2365ac0ad82a', NULL, '-9000', 'MPESA_ACCOUNT', NULL, NULL, NULL, NULL, NULL, NULL, '2022-05-12 15:18:49', '2022-05-12 15:18:49'),
('f442f152-0f67-453d-8396-b22d9bedcd46', '2335efc7-c8e2-4fc0-9113-b7d4b4e58d6b', 'VAT_ACCOUNT', '34fa71b8-f28a-4806-9a2e-21ce2fadfbbd', NULL, '-7000', 'VAT_ACCOUNT', NULL, NULL, NULL, NULL, NULL, NULL, '2022-05-08 18:41:42', '2022-05-08 18:41:42'),
('f5aa390b-cf6a-4daa-bd27-22fe69c7ebf9', '80ca829c-1816-4b3a-8703-793e355ee792', 'EXTRA_CHARGE_ACCOUNT', '8c42b73f-b043-40ab-9983-178ddd30c0e8', NULL, '-3000', 'EXTRA_CHARGE_ACCOUNT', NULL, NULL, NULL, NULL, NULL, NULL, '2022-05-12 15:17:46', '2022-05-12 15:17:46'),
('f5aae811-526f-47ec-95bc-4e788c107a00', '1325481c-8334-4705-998f-c8788692c758', 'RENT_INCOME_ACCOUNT', '00a41ec2-615f-4037-bdd9-81543150b132', NULL, '-4000', 'RENT_INCOME_ACCOUNT', NULL, NULL, NULL, NULL, NULL, NULL, '2022-05-08 18:41:20', '2022-05-08 18:41:20'),
('f75e0878-900d-4f4e-94e2-6e5202c386b3', '1325481c-8334-4705-998f-c8788692c758', 'UTILITY_INCOME_ACCOUNT', 'b4add206-efb2-4e45-955e-eef62915763a', NULL, '-4000', 'UTILITY_INCOME_ACCOUNT', NULL, NULL, NULL, NULL, NULL, NULL, '2022-05-09 18:33:08', '2022-05-09 18:33:08'),
('f7788b34-01bc-4977-bba4-7e1a3d8b470f', '1325481c-8334-4705-998f-c8788692c758', 'RENT_INCOME_ACCOUNT', 'b5c5e6b9-4833-4b00-9636-1804f673604d', NULL, '-4000', 'RENT_INCOME_ACCOUNT', NULL, NULL, NULL, NULL, NULL, NULL, '2022-05-10 14:01:12', '2022-05-10 14:01:12'),
('f78a6fe3-24e6-4ddc-98d2-56861621f0b3', '80ca829c-1816-4b3a-8703-793e355ee792', 'MPESA_ACCOUNT', '0c632487-15d8-4862-acae-66e3c8efbcc9', NULL, '-9000', 'MPESA_ACCOUNT', NULL, NULL, NULL, NULL, NULL, NULL, '2022-05-09 18:33:56', '2022-05-09 18:33:56'),
('f7f7b51c-e553-46e3-af43-e5d46a834d6a', '2335efc7-c8e2-4fc0-9113-b7d4b4e58d6b', 'UTILITY_DEPOSIT_ACCOUNT', 'b5c5e6b9-4833-4b00-9636-1804f673604d', NULL, '-2000', 'UTILITY_DEPOSIT_ACCOUNT', NULL, NULL, NULL, NULL, NULL, NULL, '2022-05-10 14:01:12', '2022-05-10 14:01:12'),
('f7fcd0d4-6f30-4d84-9cac-74d65bec7853', '80ca829c-1816-4b3a-8703-793e355ee792', 'WAIVER_ACCOUNT', '9a470677-b4d4-4211-aa42-96dc5bbf3622', NULL, '1212-000', 'WAIVER_ACCOUNT', NULL, NULL, NULL, NULL, NULL, NULL, '2022-04-23 06:08:33', '2022-04-23 06:08:33'),
('f8a25f63-a287-478a-81fa-438a9a76f38f', '80ca829c-1816-4b3a-8703-793e355ee792', 'CASH_ACCOUNT', 'b49b754c-6a9b-40c9-9844-2365ac0ad82a', NULL, '-10000', 'CASH_ACCOUNT', NULL, NULL, NULL, NULL, NULL, NULL, '2022-05-12 15:18:49', '2022-05-12 15:18:49'),
('fa7c9908-24b5-45db-a7ac-5a0ae4547757', '1325481c-8334-4705-998f-c8788692c758', 'PENALTY_INCOME_ACCOUNT', 'b5c5e6b9-4833-4b00-9636-1804f673604d', NULL, '-5000', 'PENALTY_INCOME_ACCOUNT', NULL, NULL, NULL, NULL, NULL, NULL, '2022-05-10 14:01:12', '2022-05-10 14:01:12'),
('fb9eeda9-4b85-4264-b79a-2a503d4cf981', '80ca829c-1816-4b3a-8703-793e355ee792', 'CASH_ACCOUNT', '97540c7c-1bc3-4cc9-a22d-25d8b0c06c20', NULL, '-10000', 'CASH_ACCOUNT', NULL, NULL, NULL, NULL, NULL, NULL, '2022-05-10 14:00:10', '2022-05-10 14:00:10'),
('fc305a9b-b089-41ee-b251-295aba7dab40', '80ca829c-1816-4b3a-8703-793e355ee792', 'MPESA_ACCOUNT', '34fa71b8-f28a-4806-9a2e-21ce2fadfbbd', NULL, '-9000', 'MPESA_ACCOUNT', NULL, NULL, NULL, NULL, NULL, NULL, '2022-05-08 18:41:42', '2022-05-08 18:41:42'),
('fd0dfd24-b640-420b-bc66-c03fdc0c2c35', '80ca829c-1816-4b3a-8703-793e355ee792', 'CASH_ACCOUNT', '9a470677-b4d4-4211-aa42-96dc5bbf3622', NULL, '1212-10000', 'CASH_ACCOUNT', NULL, NULL, NULL, NULL, NULL, NULL, '2022-04-23 06:08:33', '2022-04-23 06:08:33');

-- --------------------------------------------------------

--
-- Table structure for table `account_classes`
--

CREATE TABLE `account_classes` (
  `id` varchar(36) COLLATE utf8mb4_unicode_ci NOT NULL,
  `name` varchar(191) COLLATE utf8mb4_unicode_ci NOT NULL,
  `category` varchar(191) COLLATE utf8mb4_unicode_ci NOT NULL,
  `closed_on` varchar(191) COLLATE utf8mb4_unicode_ci DEFAULT NULL,
  `deleted_at` timestamp NULL DEFAULT NULL,
  `created_at` timestamp NULL DEFAULT NULL,
  `updated_at` timestamp NULL DEFAULT NULL
) ENGINE=InnoDB DEFAULT CHARSET=utf8mb4 COLLATE=utf8mb4_unicode_ci;

--
-- Dumping data for table `account_classes`
--

INSERT INTO `account_classes` (`id`, `name`, `category`, `closed_on`, `deleted_at`, `created_at`, `updated_at`) VALUES
('1325481c-8334-4705-998f-c8788692c758', 'INCOME', 'CR', NULL, NULL, '2022-04-23 03:16:57', '2022-04-23 03:16:57'),
('2335efc7-c8e2-4fc0-9113-b7d4b4e58d6b', 'LIABILITY', 'CR', NULL, NULL, '2022-04-23 03:16:57', '2022-04-23 03:16:57'),
('6610ae06-d01f-4071-8f8b-d647035f091c', 'EXPENDITURE', 'DR', NULL, NULL, '2022-04-23 03:16:57', '2022-04-23 03:16:57'),
('80ca829c-1816-4b3a-8703-793e355ee792', 'ASSET', 'DR', NULL, NULL, '2022-04-23 03:16:57', '2022-04-23 03:16:57');

-- --------------------------------------------------------

--
-- Table structure for table `account_types`
--

CREATE TABLE `account_types` (
  `id` varchar(36) COLLATE utf8mb4_unicode_ci NOT NULL,
  `account_class_id` varchar(36) COLLATE utf8mb4_unicode_ci NOT NULL,
  `name` varchar(191) COLLATE utf8mb4_unicode_ci NOT NULL,
  `description` varchar(191) COLLATE utf8mb4_unicode_ci DEFAULT NULL,
  `deleted_at` timestamp NULL DEFAULT NULL,
  `created_at` timestamp NULL DEFAULT NULL,
  `updated_at` timestamp NULL DEFAULT NULL
) ENGINE=InnoDB DEFAULT CHARSET=utf8mb4 COLLATE=utf8mb4_unicode_ci;

-- --------------------------------------------------------

--
-- Table structure for table `amenities`
--

CREATE TABLE `amenities` (
  `id` varchar(36) COLLATE utf8mb4_unicode_ci NOT NULL,
  `amenity_name` varchar(191) COLLATE utf8mb4_unicode_ci NOT NULL,
  `amenity_display_name` varchar(191) COLLATE utf8mb4_unicode_ci DEFAULT NULL,
  `amenity_description` varchar(191) COLLATE utf8mb4_unicode_ci DEFAULT NULL,
  `deleted_at` timestamp NULL DEFAULT NULL,
  `created_at` timestamp NULL DEFAULT NULL,
  `updated_at` timestamp NULL DEFAULT NULL
) ENGINE=InnoDB DEFAULT CHARSET=utf8mb4 COLLATE=utf8mb4_unicode_ci;

--
-- Dumping data for table `amenities`
--

INSERT INTO `amenities` (`id`, `amenity_name`, `amenity_display_name`, `amenity_description`, `deleted_at`, `created_at`, `updated_at`) VALUES
('1e9e1d07-8a2c-4039-8bfb-67dfec346b2c', 'pets_allowed', 'Pets Allowed', 'Pets Allowed', NULL, '2022-04-23 03:16:57', '2022-04-23 03:16:57'),
('3224d9f3-a321-405d-9760-6884cc71f1f1', 'furnished', 'Furnished', 'Furnished', NULL, '2022-04-23 03:16:57', '2022-04-23 03:16:57'),
('35300104-7dc1-4654-b541-52264a13fd2f', 'balcony', 'Balcony/Deck', 'Balcony/Deck', NULL, '2022-04-23 03:16:57', '2022-04-23 03:16:57'),
('4c4a08f3-e50d-4174-86d2-6d42dd95f593', 'parking', 'Parking', 'Parking', NULL, '2022-04-23 03:16:57', '2022-04-23 03:16:57'),
('5316219c-5996-4e95-a591-4a5d003a59cf', 'a_c', 'A/C', 'A/C', NULL, '2022-04-23 03:16:57', '2022-04-23 03:16:57'),
('76bf68b7-6c7d-4cb2-83c7-2a2f01c1cff6', 'wheelchair_access', 'Wheelchair Access', 'Wheelchair Access', NULL, '2022-04-23 03:16:57', '2022-04-23 03:16:57'),
('a75742fd-49d5-4616-b414-fbd6b930bf18', 'hardwood_floor', 'Hardwood Floor', 'Hardwood Floor', NULL, '2022-04-23 03:16:57', '2022-04-23 03:16:57'),
('dc689ed6-532e-4007-b5cc-fe7e99600c87', 'pool', 'Pool', 'Pool', NULL, '2022-04-23 03:16:57', '2022-04-23 03:16:57');

-- --------------------------------------------------------

--
-- Table structure for table `amenity_unit`
--

CREATE TABLE `amenity_unit` (
  `id` int(10) UNSIGNED NOT NULL,
  `amenity_id` char(36) COLLATE utf8mb4_unicode_ci NOT NULL,
  `unit_id` char(36) COLLATE utf8mb4_unicode_ci NOT NULL
) ENGINE=InnoDB DEFAULT CHARSET=utf8mb4 COLLATE=utf8mb4_unicode_ci;

-- --------------------------------------------------------

--
-- Table structure for table `communication_settings`
--

CREATE TABLE `communication_settings` (
  `id` char(36) COLLATE utf8mb4_unicode_ci NOT NULL,
  `name` varchar(36) COLLATE utf8mb4_unicode_ci NOT NULL,
  `display_name` varchar(36) COLLATE utf8mb4_unicode_ci NOT NULL,
  `email_template` tinyint(1) NOT NULL DEFAULT 0,
  `sms_template` tinyint(1) NOT NULL DEFAULT 0,
  `deleted_at` timestamp NULL DEFAULT NULL,
  `created_at` timestamp NULL DEFAULT NULL,
  `updated_at` timestamp NULL DEFAULT NULL
) ENGINE=InnoDB DEFAULT CHARSET=utf8mb4 COLLATE=utf8mb4_unicode_ci;

--
-- Dumping data for table `communication_settings`
--

INSERT INTO `communication_settings` (`id`, `name`, `display_name`, `email_template`, `sms_template`, `deleted_at`, `created_at`, `updated_at`) VALUES
('07b72308-d630-4ce2-a432-0dd7095ed378', 'system_summary', 'System Summary', 0, 0, NULL, '2022-04-23 03:16:58', '2022-04-23 03:16:58'),
('3348e57d-0cff-4a26-94f4-aa76d290f4a0', 'New Landlord', 'New Landlord', 1, 0, NULL, '2022-04-23 03:16:58', '2022-04-23 03:16:58'),
('660c9db4-6821-4c54-bf3f-1abb25a584f1', 'loan_application_approved', 'Loan Application Approved', 1, 1, NULL, '2022-04-23 03:16:58', '2022-04-23 03:16:58'),
('81990fbb-fd5b-49ec-8593-38e724d2c63f', 'loan_application_rejected', 'Loan Application Rejected', 1, 1, NULL, '2022-04-23 03:16:58', '2022-04-23 03:16:58'),
('86431c48-be0c-4ab6-bf6d-c80cae66b872', 'reset_password', 'Reset Password', 1, 0, NULL, '2022-04-23 03:16:58', '2022-04-23 03:16:58'),
('b795c74b-50e7-4ff9-9953-e5ed876a30d6', 'payment_received', 'Payment Received', 1, 1, NULL, '2022-04-23 03:16:58', '2022-04-23 03:16:58'),
('d2ec7cdd-4c88-42b2-a5e4-11b0b0c28499', 'new_user_welcome', 'New User Welcome', 1, 0, NULL, '2022-04-23 03:16:58', '2022-04-23 03:16:58'),
('fc6658ab-2b64-41bb-94d4-7bdf220db06c', 'new_loan_application', 'New Loan Application', 1, 1, NULL, '2022-04-23 03:16:58', '2022-04-23 03:16:58');

-- --------------------------------------------------------

--
-- Table structure for table `currencies`
--

CREATE TABLE `currencies` (
  `id` bigint(20) UNSIGNED NOT NULL,
  `country` varchar(100) COLLATE utf8mb4_unicode_ci NOT NULL,
  `currency` varchar(100) COLLATE utf8mb4_unicode_ci NOT NULL,
  `code` varchar(25) COLLATE utf8mb4_unicode_ci NOT NULL,
  `symbol` varchar(25) COLLATE utf8mb4_unicode_ci NOT NULL,
  `thousand_separator` varchar(10) COLLATE utf8mb4_unicode_ci NOT NULL,
  `decimal_separator` varchar(10) COLLATE utf8mb4_unicode_ci NOT NULL,
  `created_at` timestamp NULL DEFAULT NULL,
  `updated_at` timestamp NULL DEFAULT NULL
) ENGINE=InnoDB DEFAULT CHARSET=utf8mb4 COLLATE=utf8mb4_unicode_ci;

--
-- Dumping data for table `currencies`
--

INSERT INTO `currencies` (`id`, `country`, `currency`, `code`, `symbol`, `thousand_separator`, `decimal_separator`, `created_at`, `updated_at`) VALUES
(1, 'Albania', 'Leke', 'ALL', 'Lek', ',', '.', NULL, NULL),
(2, 'America', 'Dollars', 'USD', '$', ',', '.', NULL, NULL),
(3, 'Afghanistan', 'Afghanis', 'AF', '', ',', '.', NULL, NULL),
(4, 'Argentina', 'Pesos', 'ARS', '$', ',', '.', NULL, NULL),
(5, 'Aruba', 'Guilders', 'AWG', '', ',', '.', NULL, NULL),
(6, 'Australia', 'Dollars', 'AUD', '$', ',', '.', NULL, NULL),
(7, 'Azerbaijan', 'New Manats', 'AZ', '', ',', '.', NULL, NULL),
(8, 'Bahamas', 'Dollars', 'BSD', '$', ',', '.', NULL, NULL),
(9, 'Barbados', 'Dollars', 'BBD', '$', ',', '.', NULL, NULL),
(10, 'Belarus', 'Rubles', 'BYR', 'p.', ',', '.', NULL, NULL),
(11, 'Belgium', 'Euro', 'EUR', '', ',', '.', NULL, NULL),
(12, 'Beliz', 'Dollars', 'BZD', 'BZ$', ',', '.', NULL, NULL),
(13, 'Bermuda', 'Dollars', 'BMD', '$', ',', '.', NULL, NULL),
(14, 'Bolivia', 'Bolivianos', 'BOB', '$b', ',', '.', NULL, NULL),
(15, 'Bosnia and Herzegovina', 'Convertible Marka', 'BAM', 'KM', ',', '.', NULL, NULL),
(16, 'Botswana', 'Pula\'s', 'BWP', 'P', ',', '.', NULL, NULL),
(17, 'Bulgaria', 'Leva', 'BG', '', ',', '.', NULL, NULL),
(18, 'Brazil', 'Reais', 'BRL', 'R$', ',', '.', NULL, NULL),
(19, 'Britain [United Kingdom]', 'Pounds', 'GBP', '', ',', '.', NULL, NULL),
(20, 'Brunei Darussalam', 'Dollars', 'BND', '$', ',', '.', NULL, NULL),
(21, 'Cambodia', 'Riels', 'KHR', '', ',', '.', NULL, NULL),
(22, 'Canada', 'Dollars', 'CAD', '$', ',', '.', NULL, NULL),
(23, 'Cayman Islands', 'Dollars', 'KYD', '$', ',', '.', NULL, NULL),
(24, 'Chile', 'Pesos', 'CLP', '$', ',', '.', NULL, NULL),
(25, 'China', 'Yuan Renminbi', 'CNY', '', ',', '.', NULL, NULL),
(26, 'Colombia', 'Pesos', 'COP', '$', ',', '.', NULL, NULL),
(27, 'Costa Rica', 'Coln', 'CRC', '', ',', '.', NULL, NULL),
(28, 'Croatia', 'Kuna', 'HRK', 'kn', ',', '.', NULL, NULL),
(29, 'Cuba', 'Pesos', 'CUP', '', ',', '.', NULL, NULL),
(30, 'Cyprus', 'Euro', 'EUR', '', '.', ',', NULL, NULL),
(31, 'Czech Republic', 'Koruny', 'CZK', 'K', ',', '.', NULL, NULL),
(32, 'Denmark', 'Kroner', 'DKK', 'kr', ',', '.', NULL, NULL),
(33, 'Dominican Republic', 'Pesos', 'DOP ', 'RD$', ',', '.', NULL, NULL),
(34, 'East Caribbean', 'Dollars', 'XCD', '$', ',', '.', NULL, NULL),
(35, 'Egypt', 'Pounds', 'EGP', '', ',', '.', NULL, NULL),
(36, 'El Salvador', 'Colones', 'SVC', '$', ',', '.', NULL, NULL),
(37, 'England [United Kingdom]', 'Pounds', 'GBP', '', ',', '.', NULL, NULL),
(38, 'Euro', 'Euro', 'EUR', '', '.', ',', NULL, NULL),
(39, 'Falkland Islands', 'Pounds', 'FKP', '', ',', '.', NULL, NULL),
(40, 'Fiji', 'Dollars', 'FJD', '$', ',', '.', NULL, NULL),
(41, 'France', 'Euro', 'EUR', '', '.', ',', NULL, NULL),
(42, 'Ghana', 'Cedis', 'GHS', '', ',', '.', NULL, NULL),
(43, 'Gibraltar', 'Pounds', 'GIP', '', ',', '.', NULL, NULL),
(44, 'Greece', 'Euro', 'EUR', '', '.', ',', NULL, NULL),
(45, 'Guatemala', 'Quetzales', 'GTQ', 'Q', ',', '.', NULL, NULL),
(46, 'Guernsey', 'Pounds', 'GGP', '', ',', '.', NULL, NULL),
(47, 'Guyana', 'Dollars', 'GYD', '$', ',', '.', NULL, NULL),
(48, 'Holland [Netherlands]', 'Euro', 'EUR', '', '.', ',', NULL, NULL),
(49, 'Honduras', 'Lempiras', 'HNL', 'L', ',', '.', NULL, NULL),
(50, 'Hong Kong', 'Dollars', 'HKD', '$', ',', '.', NULL, NULL),
(51, 'Hungary', 'Forint', 'HUF', 'Ft', ',', '.', NULL, NULL),
(52, 'Iceland', 'Kronur', 'ISK', 'kr', ',', '.', NULL, NULL),
(53, 'India', 'Rupees', 'INR', '', ',', '.', NULL, NULL),
(54, 'Indonesia', 'Rupiahs', 'IDR', 'Rp', ',', '.', NULL, NULL),
(55, 'Iran', 'Rials', 'IRR', '', ',', '.', NULL, NULL),
(56, 'Ireland', 'Euro', 'EUR', '', '.', ',', NULL, NULL),
(57, 'Isle of Man', 'Pounds', 'IMP', '', ',', '.', NULL, NULL),
(58, 'Israel', 'New Shekels', 'ILS', '', ',', '.', NULL, NULL),
(59, 'Italy', 'Euro', 'EUR', '', '.', ',', NULL, NULL),
(60, 'Jamaica', 'Dollars', 'JMD', 'J$', ',', '.', NULL, NULL),
(61, 'Japan', 'Yen', 'JPY', '', ',', '.', NULL, NULL),
(62, 'Jersey', 'Pounds', 'JEP', '', ',', '.', NULL, NULL),
(63, 'Kazakhstan', 'Tenge', 'KZT', '', ',', '.', NULL, NULL),
(64, 'Korea [North]', 'Won', 'KPW', '', ',', '.', NULL, NULL),
(65, 'Korea [South]', 'Won', 'KRW', '', ',', '.', NULL, NULL),
(66, 'Kyrgyzstan', 'Soms', 'KGS', '', ',', '.', NULL, NULL),
(67, 'Laos', 'Kips', 'LAK', '', ',', '.', NULL, NULL),
(68, 'Latvia', 'Lati', 'LVL', 'Ls', ',', '.', NULL, NULL),
(69, 'Lebanon', 'Pounds', 'LBP', '', ',', '.', NULL, NULL),
(70, 'Liberia', 'Dollars', 'LRD', '$', ',', '.', NULL, NULL),
(71, 'Liechtenstein', 'Switzerland Francs', 'CHF', 'CHF', ',', '.', NULL, NULL),
(72, 'Lithuania', 'Litai', 'LTL', 'Lt', ',', '.', NULL, NULL),
(73, 'Luxembourg', 'Euro', 'EUR', '', '.', ',', NULL, NULL),
(74, 'Macedonia', 'Denars', 'MKD', '', ',', '.', NULL, NULL),
(75, 'Malaysia', 'Ringgits', 'MYR', 'RM', ',', '.', NULL, NULL),
(76, 'Malta', 'Euro', 'EUR', '', '.', ',', NULL, NULL),
(77, 'Mauritius', 'Rupees', 'MUR', '', ',', '.', NULL, NULL),
(78, 'Mexico', 'Pesos', 'MXN', '$', ',', '.', NULL, NULL),
(79, 'Mongolia', 'Tugriks', 'MNT', '', ',', '.', NULL, NULL),
(80, 'Mozambique', 'Meticais', 'MZ', 'MT', ',', '.', NULL, NULL),
(81, 'Namibia', 'Dollars', 'NAD', '$', ',', '.', NULL, NULL),
(82, 'Nepal', 'Rupees', 'NPR', '', ',', '.', NULL, NULL),
(83, 'Netherlands Antilles', 'Guilders', 'ANG', '', ',', '.', NULL, NULL),
(84, 'Netherlands', 'Euro', 'EUR', '', '.', ',', NULL, NULL),
(85, 'New Zealand', 'Dollars', 'NZD', '$', ',', '.', NULL, NULL),
(86, 'Nicaragua', 'Cordobas', 'NIO', 'C$', ',', '.', NULL, NULL),
(87, 'Nigeria', 'Nairas', 'NGN', '', ',', '.', NULL, NULL),
(88, 'North Korea', 'Won', 'KPW', '', ',', '.', NULL, NULL),
(89, 'Norway', 'Krone', 'NOK', 'kr', ',', '.', NULL, NULL),
(90, 'Oman', 'Rials', 'OMR', '', ',', '.', NULL, NULL),
(91, 'Pakistan', 'Rupees', 'PKR', '', ',', '.', NULL, NULL),
(92, 'Panama', 'Balboa', 'PAB', 'B/.', ',', '.', NULL, NULL),
(93, 'Paraguay', 'Guarani', 'PYG', 'Gs', ',', '.', NULL, NULL),
(94, 'Peru', 'Nuevos Soles', 'PE', 'S/.', ',', '.', NULL, NULL),
(95, 'Philippines', 'Pesos', 'PHP', 'Php', ',', '.', NULL, NULL),
(96, 'Poland', 'Zlotych', 'PL', 'z', ',', '.', NULL, NULL),
(97, 'Qatar', 'Rials', 'QAR', '', ',', '.', NULL, NULL),
(98, 'Romania', 'New Lei', 'RO', 'lei', ',', '.', NULL, NULL),
(99, 'Russia', 'Rubles', 'RUB', '', ',', '.', NULL, NULL),
(100, 'Saint Helena', 'Pounds', 'SHP', '', ',', '.', NULL, NULL),
(101, 'Saudi Arabia', 'Riyals', 'SAR', '', ',', '.', NULL, NULL),
(102, 'Serbia', 'Dinars', 'RSD', '.', ',', '.', NULL, NULL),
(103, 'Seychelles', 'Rupees', 'SCR', '', ',', '.', NULL, NULL),
(104, 'Singapore', 'Dollars', 'SGD', '$', ',', '.', NULL, NULL),
(105, 'Slovenia', 'Euro', 'EUR', '', '.', ',', NULL, NULL),
(106, 'Solomon Islands', 'Dollars', 'SBD', '$', ',', '.', NULL, NULL),
(107, 'Somalia', 'Shillings', 'SOS', 'S', ',', '.', NULL, NULL),
(108, 'South Africa', 'Rand', 'ZAR', 'R', ',', '.', NULL, NULL),
(109, 'South Korea', 'Won', 'KRW', '', ',', '.', NULL, NULL),
(110, 'Spain', 'Euro', 'EUR', '', '.', ',', NULL, NULL),
(111, 'Sri Lanka', 'Rupees', 'LKR', '', ',', '.', NULL, NULL),
(112, 'Sweden', 'Kronor', 'SEK', 'kr', ',', '.', NULL, NULL),
(113, 'Switzerland', 'Francs', 'CHF', 'CHF', ',', '.', NULL, NULL),
(114, 'Suriname', 'Dollars', 'SRD', '$', ',', '.', NULL, NULL),
(115, 'Syria', 'Pounds', 'SYP', '', ',', '.', NULL, NULL),
(116, 'Taiwan', 'New Dollars', 'TWD', 'NT$', ',', '.', NULL, NULL),
(117, 'Thailand', 'Baht', 'THB', '', ',', '.', NULL, NULL),
(118, 'Trinidad and Tobago', 'Dollars', 'TTD', 'TT$', ',', '.', NULL, NULL),
(119, 'Turkey', 'Lira', 'TRY', 'TL', ',', '.', NULL, NULL),
(120, 'Turkey', 'Liras', 'TRL', '', ',', '.', NULL, NULL),
(121, 'Tuvalu', 'Dollars', 'TVD', '$', ',', '.', NULL, NULL),
(122, 'Ukraine', 'Hryvnia', 'UAH', '', ',', '.', NULL, NULL),
(123, 'United Kingdom', 'Pounds', 'GBP', '', ',', '.', NULL, NULL),
(124, 'United States of America', 'Dollars', 'USD', '$', ',', '.', NULL, NULL),
(125, 'Uruguay', 'Pesos', 'UYU', '$U', ',', '.', NULL, NULL),
(126, 'Uzbekistan', 'Sums', 'UZS', '', ',', '.', NULL, NULL),
(127, 'Vatican City', 'Euro', 'EUR', '', '.', ',', NULL, NULL),
(128, 'Venezuela', 'Bolivares Fuertes', 'VEF', 'Bs', ',', '.', NULL, NULL),
(129, 'Vietnam', 'Dong', 'VND', '', ',', '.', NULL, NULL),
(130, 'Yemen', 'Rials', 'YER', '', ',', '.', NULL, NULL),
(131, 'Zimbabwe', 'Zimbabwe Dollars', 'ZWD', 'Z$', ',', '.', NULL, NULL),
(132, 'Iraq', 'Iraqi dinar', 'IQD', '.', ',', '.', NULL, NULL),
(133, 'Kenya', 'Kenyan shilling', 'KES', 'KSh', ',', '.', NULL, NULL),
(134, 'Bangladesh', 'Taka', 'BDT', '', ',', '.', NULL, NULL),
(135, 'Algerie', 'Algerian dinar', 'DZD', '.', ' ', '.', NULL, NULL),
(136, 'United Arab Emirates', 'United Arab Emirates dirham', 'AED', '.', ',', '.', NULL, NULL),
(137, 'Uganda', 'Uganda shillings', 'UGX', 'USh', ',', '.', NULL, NULL),
(138, 'Tanzania', 'Tanzanian shilling', 'TZS', 'TSh', ',', '.', NULL, NULL),
(139, 'Angola', 'Kwanza', 'AOA', 'Kz', ',', '.', NULL, NULL),
(140, 'Kuwait', 'Kuwaiti dinar', 'KWD', 'KD', ',', '.', NULL, NULL),
(141, 'Bahrain', 'Bahraini dinar', 'BHD', 'BD', ',', '.', NULL, NULL);

-- --------------------------------------------------------

--
-- Table structure for table `documents`
--

CREATE TABLE `documents` (
  `id` char(36) COLLATE utf8mb4_unicode_ci NOT NULL,
  `name` varchar(191) COLLATE utf8mb4_unicode_ci NOT NULL,
  `title` varchar(191) COLLATE utf8mb4_unicode_ci DEFAULT NULL,
  `deleted_at` timestamp NULL DEFAULT NULL,
  `created_at` timestamp NULL DEFAULT NULL,
  `updated_at` timestamp NULL DEFAULT NULL
) ENGINE=InnoDB DEFAULT CHARSET=utf8mb4 COLLATE=utf8mb4_unicode_ci;

-- --------------------------------------------------------

--
-- Table structure for table `email_config_settings`
--

CREATE TABLE `email_config_settings` (
  `id` varchar(36) COLLATE utf8mb4_unicode_ci NOT NULL,
  `protocol` varchar(191) COLLATE utf8mb4_unicode_ci DEFAULT NULL,
  `smpt_host` varchar(191) COLLATE utf8mb4_unicode_ci DEFAULT NULL,
  `smpt_username` varchar(191) COLLATE utf8mb4_unicode_ci DEFAULT NULL,
  `smpt_password` varchar(191) COLLATE utf8mb4_unicode_ci DEFAULT NULL,
  `smpt_port` varchar(191) COLLATE utf8mb4_unicode_ci DEFAULT NULL,
  `mail_gun_domain` varchar(191) COLLATE utf8mb4_unicode_ci DEFAULT NULL,
  `mail_gun_secret` varchar(191) COLLATE utf8mb4_unicode_ci DEFAULT NULL,
  `mandrill_secret` varchar(191) COLLATE utf8mb4_unicode_ci DEFAULT NULL,
  `from_name` varchar(191) COLLATE utf8mb4_unicode_ci DEFAULT NULL,
  `from_email` varchar(191) COLLATE utf8mb4_unicode_ci DEFAULT NULL,
  `deleted_at` timestamp NULL DEFAULT NULL,
  `created_at` timestamp NULL DEFAULT NULL,
  `updated_at` timestamp NULL DEFAULT NULL
) ENGINE=InnoDB DEFAULT CHARSET=utf8mb4 COLLATE=utf8mb4_unicode_ci;

--
-- Dumping data for table `email_config_settings`
--

INSERT INTO `email_config_settings` (`id`, `protocol`, `smpt_host`, `smpt_username`, `smpt_password`, `smpt_port`, `mail_gun_domain`, `mail_gun_secret`, `mandrill_secret`, `from_name`, `from_email`, `deleted_at`, `created_at`, `updated_at`) VALUES
('7881e326-cbdc-414b-a0f0-f94549630c1e', 'smtp', 'sendmail.gmail.com', 'gmasdfa@gmail.com', 'dsfasdf', '222', '', '', '', '', '', NULL, '2022-04-23 03:16:57', '2022-04-23 03:16:57');

-- --------------------------------------------------------

--
-- Table structure for table `email_templates`
--

CREATE TABLE `email_templates` (
  `id` char(36) COLLATE utf8mb4_unicode_ci NOT NULL,
  `name` varchar(191) COLLATE utf8mb4_unicode_ci NOT NULL,
  `display_name` varchar(191) COLLATE utf8mb4_unicode_ci NOT NULL,
  `subject` varchar(191) COLLATE utf8mb4_unicode_ci NOT NULL,
  `body` text COLLATE utf8mb4_unicode_ci NOT NULL,
  `tags` varchar(191) COLLATE utf8mb4_unicode_ci DEFAULT NULL,
  `created_by` varchar(36) COLLATE utf8mb4_unicode_ci DEFAULT NULL,
  `deleted_at` timestamp NULL DEFAULT NULL,
  `created_at` timestamp NULL DEFAULT NULL,
  `updated_at` timestamp NULL DEFAULT NULL
) ENGINE=InnoDB DEFAULT CHARSET=utf8mb4 COLLATE=utf8mb4_unicode_ci;

--
-- Dumping data for table `email_templates`
--

INSERT INTO `email_templates` (`id`, `name`, `display_name`, `subject`, `body`, `tags`, `created_by`, `deleted_at`, `created_at`, `updated_at`) VALUES
('13e69448-c889-43c3-a2b6-525d32023b58', 'New Vacate Notice', 'New Vacate Notice', 'NEW_VACATE_NOTICE', ' NEW_VACATE_NOTICE', '{vacating_date},{vacating_reason},{unit}', NULL, NULL, '2022-04-23 03:16:58', '2022-04-23 03:16:58'),
('6f5fdcab-9112-4a08-95e9-3b1fbb895b33', 'Terminate Lease', 'Terminate Lease', 'TERMINATE_LEASE.', 'TERMINATE_LEASE', '{lease_number}, {start_date}, {rent_amount}', NULL, NULL, '2022-04-23 03:16:57', '2022-04-23 03:16:57'),
('7144b3cd-8093-4ec4-8940-666e1c168ae9', 'Due Invoice', 'Due Invoice', 'Invoice is due', 'Hello {first_name}, Invoice is due', '{first_name}', NULL, NULL, '2022-04-23 03:16:57', '2022-04-23 03:16:57'),
('7acb5857-6518-41c3-82a7-a8a114b19cf9', 'Over Due Invoice', 'Over Due Invoice', 'Over Due invoice', 'You have an overdue invoice', '{first_name}, {middle_name}, {last_name}, {phone}, {amount_applied}, {repayment_period}, {loan_type}, {interest_rate}', NULL, NULL, '2022-04-23 03:16:57', '2022-04-23 03:16:57'),
('a601372f-48fe-4b4a-8d93-bb4f861ff800', 'New Landlord', 'New Landlord', 'New landlord welcome', 'New landlord welcome', '{first_name}, {middle_name}, {last_name}', NULL, NULL, '2022-04-23 03:16:57', '2022-04-23 03:16:57'),
('b1d37334-8eaf-4a55-bfd9-cf5f6f631b9f', 'New Invoice', 'New Invoice', 'Invoice have been generated', 'Hi {first_name}, Invoice have been generated.', '{first_name}, {middle_name}, {last_name}, {phone}, {period_name}, {invoice_date}, {due_date}, {invoice_number}', NULL, NULL, '2022-04-23 03:16:57', '2022-04-23 03:16:57'),
('bcd96268-5c3e-448b-bf85-cef5a9bd5507', 'New Tenant', 'New Tenant', 'New tenant Welcome', 'Hi {first_name}, Welcome.', '{first_name}, {middle_name}, {last_name}, {phone}', NULL, NULL, '2022-04-23 03:16:57', '2022-04-23 03:16:57'),
('d73e8b14-baae-43db-a5bc-4b02921b84f5', 'Reset Password', 'Reset Password', 'RESET_PASSWORD', 'Your token to reset password is: {token}', '{token}', NULL, NULL, '2022-04-23 03:16:58', '2022-04-23 03:16:58'),
('e91587de-0f1a-4ca0-8851-ca331978cd22', 'New Property', 'New Property', 'NEW_PROPERTY', ' NEW_PROPERTY', '{property_code},{property_name}, {location}', NULL, NULL, '2022-04-23 03:16:57', '2022-04-23 03:16:57'),
('e9db5918-f22a-4e6d-9220-e4ec331169cd', 'Receive Payment', 'Receive Payment', 'RECEIVE_PAYMENT', ' RECEIVE_PAYMENT', '{amount},{payment_date},{lease_number},{receipt_number}', NULL, NULL, '2022-04-23 03:16:57', '2022-04-23 03:16:57'),
('f35ec970-6f83-4f7e-9607-679d197b1c47', 'New Lease', 'New Lease', 'New Lease created', 'New Lease created', '{lease_number}, {start_date}, {rent_amount},{due_on}', NULL, NULL, '2022-04-23 03:16:57', '2022-04-23 03:16:57');

-- --------------------------------------------------------

--
-- Table structure for table `extra_charges`
--

CREATE TABLE `extra_charges` (
  `id` char(36) COLLATE utf8mb4_unicode_ci NOT NULL,
  `extra_charge_name` varchar(191) COLLATE utf8mb4_unicode_ci NOT NULL,
  `extra_charge_display_name` varchar(191) COLLATE utf8mb4_unicode_ci NOT NULL,
  `extra_charge_description` varchar(191) COLLATE utf8mb4_unicode_ci DEFAULT NULL,
  `deleted_at` timestamp NULL DEFAULT NULL,
  `created_at` timestamp NULL DEFAULT NULL,
  `updated_at` timestamp NULL DEFAULT NULL
) ENGINE=InnoDB DEFAULT CHARSET=utf8mb4 COLLATE=utf8mb4_unicode_ci;

--
-- Dumping data for table `extra_charges`
--

INSERT INTO `extra_charges` (`id`, `extra_charge_name`, `extra_charge_display_name`, `extra_charge_description`, `deleted_at`, `created_at`, `updated_at`) VALUES
('1c3d6563-560b-4115-8d05-b4cb9eaa6994', 'VAT', 'VAT', 'VAT', NULL, '2022-04-23 03:16:57', '2022-04-23 03:16:57'),
('595a507f-39e3-4904-8bc1-c49eed1c74a8', 'Service Fee', 'Service Fee', 'Service Fee', NULL, '2022-04-23 03:16:57', '2022-04-23 03:16:57'),
('dd3c5932-2834-4a46-9ddf-9511b4947733', 'Processing Fee', 'Processing Fee', 'Processing Fee', NULL, '2022-04-23 03:16:57', '2022-04-23 03:16:57');

-- --------------------------------------------------------

--
-- Table structure for table `extra_charge_properties`
--

CREATE TABLE `extra_charge_properties` (
  `id` bigint(20) UNSIGNED NOT NULL,
  `extra_charge_id` char(36) COLLATE utf8mb4_unicode_ci NOT NULL,
  `property_id` char(36) COLLATE utf8mb4_unicode_ci NOT NULL,
  `extra_charge_value` varchar(191) COLLATE utf8mb4_unicode_ci DEFAULT NULL,
  `extra_charge_type` varchar(191) COLLATE utf8mb4_unicode_ci DEFAULT NULL,
  `extra_charge_frequency` varchar(191) COLLATE utf8mb4_unicode_ci DEFAULT NULL,
  `created_at` timestamp NULL DEFAULT NULL,
  `updated_at` timestamp NULL DEFAULT NULL
) ENGINE=InnoDB DEFAULT CHARSET=utf8mb4 COLLATE=utf8mb4_unicode_ci;

--
-- Dumping data for table `extra_charge_properties`
--

INSERT INTO `extra_charge_properties` (`id`, `extra_charge_id`, `property_id`, `extra_charge_value`, `extra_charge_type`, `extra_charge_frequency`, `created_at`, `updated_at`) VALUES
(1, 'dd3c5932-2834-4a46-9ddf-9511b4947733', '9a470677-b4d4-4211-aa42-96dc5bbf3622', '1', 'total_rent_percentage', 'one_time', NULL, NULL);

-- --------------------------------------------------------

--
-- Table structure for table `failed_jobs`
--

CREATE TABLE `failed_jobs` (
  `id` bigint(20) UNSIGNED NOT NULL,
  `uuid` varchar(191) COLLATE utf8mb4_unicode_ci NOT NULL,
  `connection` text COLLATE utf8mb4_unicode_ci NOT NULL,
  `queue` text COLLATE utf8mb4_unicode_ci NOT NULL,
  `payload` longtext COLLATE utf8mb4_unicode_ci NOT NULL,
  `exception` longtext COLLATE utf8mb4_unicode_ci NOT NULL,
  `failed_at` timestamp NOT NULL DEFAULT current_timestamp()
) ENGINE=InnoDB DEFAULT CHARSET=utf8mb4 COLLATE=utf8mb4_unicode_ci;

-- --------------------------------------------------------

--
-- Table structure for table `faptl_properties`
--

CREATE TABLE `faptl_properties` (
  `id` varchar(36) COLLATE utf8mb4_unicode_ci NOT NULL,
  `name` varchar(191) COLLATE utf8mb4_unicode_ci DEFAULT NULL,
  `code` varchar(191) COLLATE utf8mb4_unicode_ci DEFAULT NULL,
  `type` varchar(191) COLLATE utf8mb4_unicode_ci DEFAULT NULL,
  `address` varchar(191) COLLATE utf8mb4_unicode_ci DEFAULT NULL,
  `city` varchar(191) COLLATE utf8mb4_unicode_ci DEFAULT NULL,
  `state` varchar(191) COLLATE utf8mb4_unicode_ci DEFAULT NULL,
  `zip` varchar(191) COLLATE utf8mb4_unicode_ci DEFAULT NULL,
  `note` varchar(191) COLLATE utf8mb4_unicode_ci DEFAULT NULL,
  `rent_amount` double(10,2) DEFAULT NULL,
  `size` varchar(191) COLLATE utf8mb4_unicode_ci DEFAULT NULL,
  `link` varchar(191) COLLATE utf8mb4_unicode_ci DEFAULT NULL,
  `has_parking` varchar(5) COLLATE utf8mb4_unicode_ci NOT NULL DEFAULT '0',
  `has_security_gard` varchar(5) COLLATE utf8mb4_unicode_ci NOT NULL DEFAULT '0',
  `has_electricity` varchar(5) COLLATE utf8mb4_unicode_ci NOT NULL DEFAULT '0',
  `has_gas` varchar(5) COLLATE utf8mb4_unicode_ci NOT NULL DEFAULT '0',
  `has_swiming_pool` varchar(5) COLLATE utf8mb4_unicode_ci NOT NULL DEFAULT '0',
  `isFeatured` varchar(5) COLLATE utf8mb4_unicode_ci NOT NULL DEFAULT '0',
  `isActive` varchar(5) COLLATE utf8mb4_unicode_ci NOT NULL DEFAULT '0',
  `assign_user` varchar(36) COLLATE utf8mb4_unicode_ci DEFAULT NULL,
  `short_description` text COLLATE utf8mb4_unicode_ci DEFAULT NULL,
  `long_description` text COLLATE utf8mb4_unicode_ci DEFAULT NULL,
  `number_units` varchar(10) COLLATE utf8mb4_unicode_ci DEFAULT NULL,
  `created_by` varchar(36) COLLATE utf8mb4_unicode_ci DEFAULT NULL,
  `updated_by` varchar(36) COLLATE utf8mb4_unicode_ci DEFAULT NULL,
  `deleted_by` varchar(36) COLLATE utf8mb4_unicode_ci DEFAULT NULL,
  `deleted_at` timestamp NULL DEFAULT NULL,
  `created_at` timestamp NULL DEFAULT NULL,
  `updated_at` timestamp NULL DEFAULT NULL
) ENGINE=InnoDB DEFAULT CHARSET=utf8mb4 COLLATE=utf8mb4_unicode_ci;

--
-- Dumping data for table `faptl_properties`
--

INSERT INTO `faptl_properties` (`id`, `name`, `code`, `type`, `address`, `city`, `state`, `zip`, `note`, `rent_amount`, `size`, `link`, `has_parking`, `has_security_gard`, `has_electricity`, `has_gas`, `has_swiming_pool`, `isFeatured`, `isActive`, `assign_user`, `short_description`, `long_description`, `number_units`, `created_by`, `updated_by`, `deleted_by`, `deleted_at`, `created_at`, `updated_at`) VALUES
('00a41ec2-615f-4037-bdd9-81543150b132', 'BD HERO', 'BD_014587444', 'Residential', 'House - 10, Road - 10', 'Dhaka', 'Dhaka', '1230', 'Very good facility specially have a good outside window', 1200.00, '12002 * 2400', NULL, '0', '0', '0', '0', '0', '0', '', NULL, NULL, NULL, NULL, 'MOHOSIN', NULL, NULL, NULL, '2022-05-08 18:41:20', '2022-05-08 18:41:20'),
('0c632487-15d8-4862-acae-66e3c8efbcc9', 'Hello', 'World12323423', 'Residential', 'House - 10, Road - 10', 'Dhaka', 'Dhaka', '1230', 'Very good facility specially have a good outside window', 1200.00, '12002 * 2400', NULL, '0', '0', '0', '0', '0', '0', '0', NULL, NULL, NULL, NULL, 'MOHOSIN', NULL, NULL, NULL, '2022-05-09 18:33:56', '2022-05-09 18:33:56'),
('34fa71b8-f28a-4806-9a2e-21ce2fadfbbd', 'Hello', 'PK_45444', 'Residential', 'House - 10, Road - 10', 'Dhaka', 'Dhaka', '1230', 'Very good facility specially have a good outside window', 1200.00, '12002 * 2400', NULL, '0', '0', '0', '0', '0', '0', '', NULL, NULL, NULL, NULL, 'MOHOSIN', NULL, NULL, NULL, '2022-05-08 18:41:42', '2022-05-08 18:41:42'),
('53b8b52e-3d5e-4bf8-8d5d-a6f2146a2ac8', 'property_name_1233', 'property_code_122rewrw5464', 'Residential', 'House - 10, Road - 10', 'Dhaka', 'dhaka', '1233', 'Best sorrounding Environment', 4000.00, '1200 * 3000', 'www.google.com', '1', '1', '0', '0', '0', '0', '0', NULL, NULL, NULL, NULL, NULL, NULL, NULL, NULL, '2022-05-12 15:17:05', '2022-05-12 15:17:05'),
('70c585ed-283d-40dc-9456-023cc03175da', 'BD HERO', 'BD_0145874', NULL, NULL, NULL, NULL, NULL, NULL, NULL, NULL, NULL, '0', '0', '0', '0', '0', '0', '', NULL, NULL, NULL, NULL, NULL, NULL, NULL, NULL, '2022-05-08 18:31:05', '2022-05-08 18:31:05'),
('8c42b73f-b043-40ab-9983-178ddd30c0e8', 'property_name_1233', 'property_code_122rewrw5464e', 'Residential', 'House - 10, Road - 10', 'Dhaka', 'dhaka', '1233', 'Best sorrounding Environment', 4000.00, '1200 * 3000', 'www.google.com', '1', '1', '0', '0', '0', '0', '0', NULL, NULL, NULL, NULL, NULL, NULL, NULL, NULL, '2022-05-12 15:17:46', '2022-05-12 15:17:46'),
('97540c7c-1bc3-4cc9-a22d-25d8b0c06c20', 'UPDATED BD HOME', '234242', 'Residential', 'House - 10, Road - 10', 'Dhaka', 'dhaka', '1233', 'Best sorrounding Environment', 4000.00, '1200 * 3000', 'www.google.com', '1', '1', '0', '0', '0', '0', '0', NULL, NULL, NULL, NULL, NULL, NULL, NULL, NULL, '2022-05-10 14:00:10', '2022-05-10 14:04:11'),
('af3b9ea0-64e9-4d9a-bbfa-39975b87c034', 'BD HERO', 'BD_014587411', 'Residential', 'House - 10, Road - 10', 'Dhaka', 'Dhaka', '1230', 'Very good facility specially have a good outside window', 1200.00, '12002 * 2400', NULL, '0', '0', '0', '0', '0', '0', '', NULL, NULL, NULL, NULL, 'MOHOSIN', NULL, NULL, NULL, '2022-05-08 18:41:14', '2022-05-08 18:41:14'),
('b49b754c-6a9b-40c9-9844-2365ac0ad82a', 'property_name_1233', 'property_code_122rewrw5464eer', 'Residential', 'House - 10, Road - 10', 'Dhaka', 'dhaka', '1233', 'Best sorrounding Environment', 4000.00, '1200 * 3000', 'www.google.com', '1', '1', '0', '0', '0', '0', '0', NULL, NULL, NULL, NULL, NULL, NULL, NULL, NULL, '2022-05-12 15:18:49', '2022-05-12 15:18:49'),
('b4add206-efb2-4e45-955e-eef62915763a', 'Hello', 'World123', 'Residential', 'House - 10, Road - 10', 'Dhaka', 'Dhaka', '1230', 'Very good facility specially have a good outside window', 1200.00, '12002 * 2400', NULL, '0', '0', '0', '0', '0', '0', '0', NULL, NULL, NULL, NULL, 'MOHOSIN', NULL, NULL, NULL, '2022-05-09 18:33:08', '2022-05-09 18:33:08'),
('b5c5e6b9-4833-4b00-9636-1804f673604d', 'property_name_12', 'property_code_122', 'Residential', 'House - 10, Road - 10', 'Dhaka', 'dhaka', '1233', 'Best sorrounding Environment', 4000.00, '1200 * 3000', 'www.google.com', '1', '1', '0', '0', '0', '0', '0', NULL, NULL, NULL, NULL, NULL, NULL, NULL, NULL, '2022-05-10 14:01:12', '2022-05-10 14:01:12'),
('e19d2319-8fe8-467d-a19e-9528acaa2656', 'Hello', 'bdHIY', 'Residential', 'House - 10, Road - 10', 'Dhaka', 'Dhaka', '1230', 'Very good facility specially have a good outside window', 1200.00, '12002 * 2400', NULL, '0', '0', '0', '0', '0', '0', '0', NULL, NULL, NULL, NULL, 'MOHOSIN', NULL, NULL, NULL, '2022-05-09 18:26:51', '2022-05-09 18:26:51'),
('e913efb7-18d1-41d5-b83e-8c1c81c966b1', 'Bangladesh 2321', '234242', 'Residential', 'House - 10, Road - 10', 'Dhaka', 'Dhaka', '1230', 'Very good facility specially have a good outside window', 1200.00, '12002 * 2400', NULL, '0', '0', '0', '0', '0', '0', '0', NULL, NULL, NULL, NULL, 'MOHOSIN', NULL, NULL, '2022-05-09 19:20:59', '2022-05-09 18:28:06', '2022-05-09 19:20:59'),
('eeececab-6b2c-4091-b935-50d977cb6f0e', 'Hello', 'helloxyz', 'Residential', 'House - 10, Road - 10', 'Dhaka', 'Dhaka', '1230', 'Very good facility specially have a good outside window', 1200.00, '12002 * 2400', NULL, '0', '0', '0', '0', '0', '0', '', NULL, NULL, NULL, NULL, 'MOHOSIN', NULL, NULL, '2022-05-09 18:41:12', '2022-05-09 18:11:36', '2022-05-09 18:41:12');

-- --------------------------------------------------------

--
-- Table structure for table `faptl_property_images`
--

CREATE TABLE `faptl_property_images` (
  `id` varchar(36) COLLATE utf8mb4_unicode_ci NOT NULL,
  `property_id` varchar(191) COLLATE utf8mb4_unicode_ci NOT NULL,
  `file_name` varchar(191) COLLATE utf8mb4_unicode_ci NOT NULL,
  `alt_text` varchar(191) COLLATE utf8mb4_unicode_ci DEFAULT NULL,
  `isActive` varchar(5) COLLATE utf8mb4_unicode_ci NOT NULL DEFAULT '0',
  `isFeatured` varchar(5) COLLATE utf8mb4_unicode_ci NOT NULL DEFAULT '0',
  `created_by` varchar(36) COLLATE utf8mb4_unicode_ci DEFAULT NULL,
  `updated_by` varchar(36) COLLATE utf8mb4_unicode_ci DEFAULT NULL,
  `deleted_by` varchar(36) COLLATE utf8mb4_unicode_ci DEFAULT NULL,
  `deleted_at` timestamp NULL DEFAULT NULL,
  `created_at` timestamp NULL DEFAULT NULL,
  `updated_at` timestamp NULL DEFAULT NULL
) ENGINE=InnoDB DEFAULT CHARSET=utf8mb4 COLLATE=utf8mb4_unicode_ci;

--
-- Dumping data for table `faptl_property_images`
--

INSERT INTO `faptl_property_images` (`id`, `property_id`, `file_name`, `alt_text`, `isActive`, `isFeatured`, `created_by`, `updated_by`, `deleted_by`, `deleted_at`, `created_at`, `updated_at`) VALUES
('0b624507-9a47-4c68-8877-5fb9e7071f37', '1234567', 'Updated First File', NULL, '0', '0', NULL, NULL, NULL, NULL, '2022-05-10 15:18:45', '2022-05-12 14:08:28'),
('3f54853a-6da9-4d6e-a539-da0bc539728e', '1234567', '/images/1652378671.jpg', NULL, '0', '0', NULL, NULL, NULL, NULL, '2022-05-12 15:04:31', '2022-05-12 15:04:31'),
('b4645998-4a15-4d88-a842-1d0de1fdd76d', '1234567', '1652378564.jpg', NULL, '0', '0', NULL, NULL, NULL, NULL, '2022-05-12 15:02:44', '2022-05-12 15:02:44'),
('dbd108ca-b708-40d3-8ee2-7c5e88eceda0', '1234567', 'second file', NULL, '0', '0', NULL, NULL, NULL, NULL, '2022-05-10 15:21:56', '2022-05-10 15:21:56');

-- --------------------------------------------------------

--
-- Table structure for table `fees`
--

CREATE TABLE `fees` (
  `id` bigint(20) UNSIGNED NOT NULL,
  `created_at` timestamp NULL DEFAULT NULL,
  `updated_at` timestamp NULL DEFAULT NULL
) ENGINE=InnoDB DEFAULT CHARSET=utf8mb4 COLLATE=utf8mb4_unicode_ci;

-- --------------------------------------------------------

--
-- Table structure for table `general_settings`
--

CREATE TABLE `general_settings` (
  `id` varchar(36) COLLATE utf8mb4_unicode_ci NOT NULL,
  `company_name` varchar(191) COLLATE utf8mb4_unicode_ci NOT NULL,
  `company_type` varchar(191) COLLATE utf8mb4_unicode_ci DEFAULT NULL,
  `email` varchar(191) COLLATE utf8mb4_unicode_ci DEFAULT NULL,
  `currency` varchar(191) COLLATE utf8mb4_unicode_ci DEFAULT NULL,
  `phone` varchar(191) COLLATE utf8mb4_unicode_ci DEFAULT NULL,
  `physical_address` varchar(191) COLLATE utf8mb4_unicode_ci DEFAULT NULL,
  `postal_address` varchar(191) COLLATE utf8mb4_unicode_ci DEFAULT NULL,
  `website_url` varchar(191) COLLATE utf8mb4_unicode_ci DEFAULT NULL,
  `postal_code` varchar(191) COLLATE utf8mb4_unicode_ci DEFAULT NULL,
  `logo` varchar(191) COLLATE utf8mb4_unicode_ci DEFAULT NULL,
  `favicon` varchar(191) COLLATE utf8mb4_unicode_ci DEFAULT NULL,
  `date_format` varchar(191) COLLATE utf8mb4_unicode_ci DEFAULT NULL,
  `amount_thousand_separator` varchar(191) COLLATE utf8mb4_unicode_ci DEFAULT NULL,
  `amount_decimal_separator` varchar(191) COLLATE utf8mb4_unicode_ci DEFAULT NULL,
  `amount_decimal` varchar(191) COLLATE utf8mb4_unicode_ci DEFAULT NULL,
  `theme` varchar(191) COLLATE utf8mb4_unicode_ci DEFAULT NULL,
  `language` varchar(191) COLLATE utf8mb4_unicode_ci DEFAULT NULL,
  `deleted_at` timestamp NULL DEFAULT NULL,
  `created_at` timestamp NULL DEFAULT NULL,
  `updated_at` timestamp NULL DEFAULT NULL
) ENGINE=InnoDB DEFAULT CHARSET=utf8mb4 COLLATE=utf8mb4_unicode_ci;

--
-- Dumping data for table `general_settings`
--

INSERT INTO `general_settings` (`id`, `company_name`, `company_type`, `email`, `currency`, `phone`, `physical_address`, `postal_address`, `website_url`, `postal_code`, `logo`, `favicon`, `date_format`, `amount_thousand_separator`, `amount_decimal_separator`, `amount_decimal`, `theme`, `language`, `deleted_at`, `created_at`, `updated_at`) VALUES
('93847279-3c8e-48de-80d8-6d52fa8339a4', 'Signal Rentals Realtors LTD', 'Real Estate', 'devtest@devtest.com', 'USD', '+254724475357', '3rd Floor, Juhudi Plaza, SafariWalk off Thika Highway', 'P.O Box 81283 - 90299, Nairobi, Kenya', 'www.robisignals.com', '90299', NULL, NULL, 'd-m-Y', ',', '.', '2', NULL, NULL, NULL, '2022-04-23 03:16:58', '2022-04-23 03:16:58');

-- --------------------------------------------------------

--
-- Table structure for table `invoices`
--

CREATE TABLE `invoices` (
  `id` varchar(36) COLLATE utf8mb4_unicode_ci NOT NULL,
  `agent_id` varchar(36) COLLATE utf8mb4_unicode_ci DEFAULT NULL,
  `property_id` varchar(36) COLLATE utf8mb4_unicode_ci NOT NULL,
  `lease_id` varchar(36) COLLATE utf8mb4_unicode_ci NOT NULL,
  `period_id` varchar(36) COLLATE utf8mb4_unicode_ci NOT NULL,
  `period_name` varchar(36) COLLATE utf8mb4_unicode_ci NOT NULL,
  `invoice_date` datetime NOT NULL,
  `due_date` datetime NOT NULL,
  `paid_on` datetime DEFAULT NULL,
  `status` varchar(191) COLLATE utf8mb4_unicode_ci DEFAULT NULL,
  `invoice_number` varchar(191) COLLATE utf8mb4_unicode_ci DEFAULT NULL,
  `currency` varchar(191) COLLATE utf8mb4_unicode_ci DEFAULT NULL,
  `terms` varchar(191) COLLATE utf8mb4_unicode_ci DEFAULT NULL,
  `notes` varchar(191) COLLATE utf8mb4_unicode_ci DEFAULT NULL,
  `total_items` double NOT NULL DEFAULT 0,
  `sub_total` double NOT NULL DEFAULT 0,
  `total_tax` double NOT NULL DEFAULT 0,
  `total_discount` double NOT NULL DEFAULT 0,
  `invoice_amount` double NOT NULL DEFAULT 0,
  `late_fee_charged_on` datetime DEFAULT NULL,
  `created_by` varchar(36) COLLATE utf8mb4_unicode_ci DEFAULT '',
  `updated_by` varchar(36) COLLATE utf8mb4_unicode_ci DEFAULT '',
  `deleted_at` timestamp NULL DEFAULT NULL,
  `created_at` timestamp NULL DEFAULT NULL,
  `updated_at` timestamp NULL DEFAULT NULL
) ENGINE=InnoDB DEFAULT CHARSET=utf8mb4 COLLATE=utf8mb4_unicode_ci;

--
-- Dumping data for table `invoices`
--

INSERT INTO `invoices` (`id`, `agent_id`, `property_id`, `lease_id`, `period_id`, `period_name`, `invoice_date`, `due_date`, `paid_on`, `status`, `invoice_number`, `currency`, `terms`, `notes`, `total_items`, `sub_total`, `total_tax`, `total_discount`, `invoice_amount`, `late_fee_charged_on`, `created_by`, `updated_by`, `deleted_at`, `created_at`, `updated_at`) VALUES
('261f3bb3-2f2b-491b-8ec6-369b839a1f58', NULL, '9a470677-b4d4-4211-aa42-96dc5bbf3622', '55ebd3bd-5af1-42d0-875b-5d61eb3fe526', '14a34f8d-ca1b-45d8-ba4d-9c493a5e2087', 'April, 2022', '2022-04-23 00:00:00', '2022-04-23 00:00:00', NULL, NULL, 'INV0001', NULL, NULL, NULL, 0, 0, 0, 0, 0, NULL, '', '', NULL, '2022-04-23 06:14:01', '2022-04-23 06:14:01');

-- --------------------------------------------------------

--
-- Table structure for table `invoice_items`
--

CREATE TABLE `invoice_items` (
  `id` varchar(36) COLLATE utf8mb4_unicode_ci NOT NULL,
  `agent_id` varchar(36) COLLATE utf8mb4_unicode_ci DEFAULT NULL,
  `invoice_id` varchar(36) COLLATE utf8mb4_unicode_ci DEFAULT '',
  `lease_id` varchar(36) COLLATE utf8mb4_unicode_ci DEFAULT NULL,
  `property_id` varchar(36) COLLATE utf8mb4_unicode_ci DEFAULT NULL,
  `item_name` varchar(191) COLLATE utf8mb4_unicode_ci DEFAULT NULL,
  `item_type` varchar(191) COLLATE utf8mb4_unicode_ci DEFAULT NULL,
  `item_description` varchar(191) COLLATE utf8mb4_unicode_ci DEFAULT NULL,
  `quantity` varchar(191) COLLATE utf8mb4_unicode_ci DEFAULT NULL,
  `price` double NOT NULL DEFAULT 0,
  `amount` double NOT NULL DEFAULT 0,
  `discount` double NOT NULL DEFAULT 0,
  `tax` double NOT NULL DEFAULT 0,
  `tax_id` varchar(36) COLLATE utf8mb4_unicode_ci DEFAULT '',
  `paid_on` varchar(191) COLLATE utf8mb4_unicode_ci DEFAULT NULL,
  `created_by` varchar(36) COLLATE utf8mb4_unicode_ci DEFAULT '',
  `updated_by` varchar(36) COLLATE utf8mb4_unicode_ci DEFAULT '',
  `deleted_at` timestamp NULL DEFAULT NULL,
  `created_at` timestamp NULL DEFAULT NULL,
  `updated_at` timestamp NULL DEFAULT NULL
) ENGINE=InnoDB DEFAULT CHARSET=utf8mb4 COLLATE=utf8mb4_unicode_ci;

--
-- Dumping data for table `invoice_items`
--

INSERT INTO `invoice_items` (`id`, `agent_id`, `invoice_id`, `lease_id`, `property_id`, `item_name`, `item_type`, `item_description`, `quantity`, `price`, `amount`, `discount`, `tax`, `tax_id`, `paid_on`, `created_by`, `updated_by`, `deleted_at`, `created_at`, `updated_at`) VALUES
('5d7a1a9b-bba9-497b-a53f-691851ea97a4', NULL, '261f3bb3-2f2b-491b-8ec6-369b839a1f58', '55ebd3bd-5af1-42d0-875b-5d61eb3fe526', '9a470677-b4d4-4211-aa42-96dc5bbf3622', 'Processing Fee - April, 2022', 'EXTRA_CHARGE', 'Processing Fee - April, 2022', '1', 50, 50, 0, 0, '', NULL, '', '', NULL, '2022-04-23 06:14:01', '2022-04-23 06:14:01'),
('7618ae96-2482-4788-a995-f53948d4130b', NULL, '261f3bb3-2f2b-491b-8ec6-369b839a1f58', '55ebd3bd-5af1-42d0-875b-5d61eb3fe526', '9a470677-b4d4-4211-aa42-96dc5bbf3622', 'Rent - April, 2022', 'RENT', 'Rent - April, 2022', '1', 500, 500, 0, 0, '', NULL, '', '', NULL, '2022-04-23 06:14:01', '2022-04-23 06:14:01'),
('aad1733b-9b30-44b8-965c-800e1a644909', NULL, '261f3bb3-2f2b-491b-8ec6-369b839a1f58', '55ebd3bd-5af1-42d0-875b-5d61eb3fe526', '9a470677-b4d4-4211-aa42-96dc5bbf3622', 'Rent Deposit', 'RENT_DEPOSIT', 'Rent Deposit', '1', 500, 500, 0, 0, '', NULL, '', '', NULL, '2022-04-23 06:14:01', '2022-04-23 06:14:01');

-- --------------------------------------------------------

--
-- Table structure for table `jobs`
--

CREATE TABLE `jobs` (
  `id` bigint(20) UNSIGNED NOT NULL,
  `queue` varchar(191) COLLATE utf8mb4_unicode_ci NOT NULL,
  `payload` longtext COLLATE utf8mb4_unicode_ci NOT NULL,
  `attempts` tinyint(3) UNSIGNED NOT NULL,
  `reserved_at` int(10) UNSIGNED DEFAULT NULL,
  `available_at` int(10) UNSIGNED NOT NULL,
  `created_at` int(10) UNSIGNED NOT NULL
) ENGINE=InnoDB DEFAULT CHARSET=utf8mb4 COLLATE=utf8mb4_unicode_ci;

--
-- Dumping data for table `jobs`
--

INSERT INTO `jobs` (`id`, `queue`, `payload`, `attempts`, `reserved_at`, `available_at`, `created_at`) VALUES
(1, 'default', '{\"uuid\":\"7adb65a4-4b5e-4fd4-9e1c-9c36bf84ca27\",\"displayName\":\"App\\\\Notifications\\\\Email\\\\SendEmail\",\"job\":\"Illuminate\\\\Queue\\\\CallQueuedHandler@call\",\"maxTries\":null,\"maxExceptions\":null,\"failOnTimeout\":false,\"backoff\":null,\"timeout\":null,\"retryUntil\":null,\"data\":{\"commandName\":\"Illuminate\\\\Notifications\\\\SendQueuedNotifications\",\"command\":\"O:48:\\\"Illuminate\\\\Notifications\\\\SendQueuedNotifications\\\":16:{s:11:\\\"notifiables\\\";O:45:\\\"Illuminate\\\\Contracts\\\\Database\\\\ModelIdentifier\\\":4:{s:5:\\\"class\\\";s:19:\\\"App\\\\Models\\\\Landlord\\\";s:2:\\\"id\\\";a:1:{i:0;s:36:\\\"b5096940-02ab-4bed-9721-0e3ffb60fb0e\\\";}s:9:\\\"relations\\\";a:0:{}s:10:\\\"connection\\\";s:5:\\\"mysql\\\";}s:12:\\\"notification\\\";O:33:\\\"App\\\\Notifications\\\\Email\\\\SendEmail\\\":13:{s:47:\\\"\\u0000App\\\\Notifications\\\\Email\\\\SendEmail\\u0000templateName\\\";s:12:\\\"New Landlord\\\";s:39:\\\"\\u0000App\\\\Notifications\\\\Email\\\\SendEmail\\u0000data\\\";a:0:{}s:2:\\\"id\\\";s:36:\\\"23335b6f-c7c2-4137-b0c4-34634a540296\\\";s:6:\\\"locale\\\";N;s:10:\\\"connection\\\";N;s:5:\\\"queue\\\";N;s:15:\\\"chainConnection\\\";N;s:10:\\\"chainQueue\\\";N;s:19:\\\"chainCatchCallbacks\\\";N;s:5:\\\"delay\\\";N;s:11:\\\"afterCommit\\\";b:1;s:10:\\\"middleware\\\";a:0:{}s:7:\\\"chained\\\";a:0:{}}s:8:\\\"channels\\\";a:1:{i:0;s:4:\\\"mail\\\";}s:5:\\\"tries\\\";N;s:7:\\\"timeout\\\";N;s:17:\\\"shouldBeEncrypted\\\";b:0;s:3:\\\"job\\\";N;s:10:\\\"connection\\\";N;s:5:\\\"queue\\\";N;s:15:\\\"chainConnection\\\";N;s:10:\\\"chainQueue\\\";N;s:19:\\\"chainCatchCallbacks\\\";N;s:5:\\\"delay\\\";N;s:11:\\\"afterCommit\\\";b:1;s:10:\\\"middleware\\\";a:0:{}s:7:\\\"chained\\\";a:0:{}}\"}}', 0, NULL, 1650704696, 1650704696),
(2, 'default', '{\"uuid\":\"64409f18-02b7-4f2e-92d4-3e59e1f6849f\",\"displayName\":\"App\\\\Jobs\\\\SendSMS\",\"job\":\"Illuminate\\\\Queue\\\\CallQueuedHandler@call\",\"maxTries\":null,\"maxExceptions\":null,\"failOnTimeout\":false,\"backoff\":null,\"timeout\":null,\"retryUntil\":null,\"data\":{\"commandName\":\"App\\\\Jobs\\\\SendSMS\",\"command\":\"O:16:\\\"App\\\\Jobs\\\\SendSMS\\\":14:{s:24:\\\"\\u0000*\\u0000smsTemplateRepository\\\";N;s:8:\\\"\\u0000*\\u0000event\\\";s:12:\\\"New Landlord\\\";s:13:\\\"\\u0000*\\u0000notifiable\\\";O:45:\\\"Illuminate\\\\Contracts\\\\Database\\\\ModelIdentifier\\\":4:{s:5:\\\"class\\\";s:19:\\\"App\\\\Models\\\\Landlord\\\";s:2:\\\"id\\\";s:36:\\\"b5096940-02ab-4bed-9721-0e3ffb60fb0e\\\";s:9:\\\"relations\\\";a:0:{}s:10:\\\"connection\\\";s:5:\\\"mysql\\\";}s:7:\\\"\\u0000*\\u0000data\\\";a:0:{}s:3:\\\"job\\\";N;s:10:\\\"connection\\\";N;s:5:\\\"queue\\\";N;s:15:\\\"chainConnection\\\";N;s:10:\\\"chainQueue\\\";N;s:19:\\\"chainCatchCallbacks\\\";N;s:5:\\\"delay\\\";N;s:11:\\\"afterCommit\\\";b:1;s:10:\\\"middleware\\\";a:0:{}s:7:\\\"chained\\\";a:0:{}}\"}}', 0, NULL, 1650704696, 1650704696),
(3, 'default', '{\"uuid\":\"c5943111-9ba4-4101-a51b-ca144b71d3d5\",\"displayName\":\"App\\\\Notifications\\\\Email\\\\SendEmail\",\"job\":\"Illuminate\\\\Queue\\\\CallQueuedHandler@call\",\"maxTries\":null,\"maxExceptions\":null,\"failOnTimeout\":false,\"backoff\":null,\"timeout\":null,\"retryUntil\":null,\"data\":{\"commandName\":\"Illuminate\\\\Notifications\\\\SendQueuedNotifications\",\"command\":\"O:48:\\\"Illuminate\\\\Notifications\\\\SendQueuedNotifications\\\":16:{s:11:\\\"notifiables\\\";O:45:\\\"Illuminate\\\\Contracts\\\\Database\\\\ModelIdentifier\\\":4:{s:5:\\\"class\\\";s:19:\\\"App\\\\Models\\\\Landlord\\\";s:2:\\\"id\\\";a:1:{i:0;s:36:\\\"b5096940-02ab-4bed-9721-0e3ffb60fb0e\\\";}s:9:\\\"relations\\\";a:0:{}s:10:\\\"connection\\\";s:5:\\\"mysql\\\";}s:12:\\\"notification\\\";O:33:\\\"App\\\\Notifications\\\\Email\\\\SendEmail\\\":13:{s:47:\\\"\\u0000App\\\\Notifications\\\\Email\\\\SendEmail\\u0000templateName\\\";s:12:\\\"New Property\\\";s:39:\\\"\\u0000App\\\\Notifications\\\\Email\\\\SendEmail\\u0000data\\\";O:45:\\\"Illuminate\\\\Contracts\\\\Database\\\\ModelIdentifier\\\":4:{s:5:\\\"class\\\";s:19:\\\"App\\\\Models\\\\Property\\\";s:2:\\\"id\\\";s:36:\\\"9a470677-b4d4-4211-aa42-96dc5bbf3622\\\";s:9:\\\"relations\\\";a:0:{}s:10:\\\"connection\\\";s:5:\\\"mysql\\\";}s:2:\\\"id\\\";s:36:\\\"37829c82-3536-486e-9b34-90824c89aa08\\\";s:6:\\\"locale\\\";N;s:10:\\\"connection\\\";N;s:5:\\\"queue\\\";N;s:15:\\\"chainConnection\\\";N;s:10:\\\"chainQueue\\\";N;s:19:\\\"chainCatchCallbacks\\\";N;s:5:\\\"delay\\\";N;s:11:\\\"afterCommit\\\";b:1;s:10:\\\"middleware\\\";a:0:{}s:7:\\\"chained\\\";a:0:{}}s:8:\\\"channels\\\";a:1:{i:0;s:4:\\\"mail\\\";}s:5:\\\"tries\\\";N;s:7:\\\"timeout\\\";N;s:17:\\\"shouldBeEncrypted\\\";b:0;s:3:\\\"job\\\";N;s:10:\\\"connection\\\";N;s:5:\\\"queue\\\";N;s:15:\\\"chainConnection\\\";N;s:10:\\\"chainQueue\\\";N;s:19:\\\"chainCatchCallbacks\\\";N;s:5:\\\"delay\\\";N;s:11:\\\"afterCommit\\\";b:1;s:10:\\\"middleware\\\";a:0:{}s:7:\\\"chained\\\";a:0:{}}\"}}', 0, NULL, 1650704913, 1650704913),
(4, 'default', '{\"uuid\":\"ce9f7fb5-05c3-4ffa-8c3e-8e19e62188b9\",\"displayName\":\"App\\\\Jobs\\\\SendSMS\",\"job\":\"Illuminate\\\\Queue\\\\CallQueuedHandler@call\",\"maxTries\":null,\"maxExceptions\":null,\"failOnTimeout\":false,\"backoff\":null,\"timeout\":null,\"retryUntil\":null,\"data\":{\"commandName\":\"App\\\\Jobs\\\\SendSMS\",\"command\":\"O:16:\\\"App\\\\Jobs\\\\SendSMS\\\":14:{s:24:\\\"\\u0000*\\u0000smsTemplateRepository\\\";N;s:8:\\\"\\u0000*\\u0000event\\\";s:12:\\\"New Property\\\";s:13:\\\"\\u0000*\\u0000notifiable\\\";O:45:\\\"Illuminate\\\\Contracts\\\\Database\\\\ModelIdentifier\\\":4:{s:5:\\\"class\\\";s:19:\\\"App\\\\Models\\\\Landlord\\\";s:2:\\\"id\\\";s:36:\\\"b5096940-02ab-4bed-9721-0e3ffb60fb0e\\\";s:9:\\\"relations\\\";a:0:{}s:10:\\\"connection\\\";s:5:\\\"mysql\\\";}s:7:\\\"\\u0000*\\u0000data\\\";O:45:\\\"Illuminate\\\\Contracts\\\\Database\\\\ModelIdentifier\\\":4:{s:5:\\\"class\\\";s:19:\\\"App\\\\Models\\\\Property\\\";s:2:\\\"id\\\";s:36:\\\"9a470677-b4d4-4211-aa42-96dc5bbf3622\\\";s:9:\\\"relations\\\";a:0:{}s:10:\\\"connection\\\";s:5:\\\"mysql\\\";}s:3:\\\"job\\\";N;s:10:\\\"connection\\\";N;s:5:\\\"queue\\\";N;s:15:\\\"chainConnection\\\";N;s:10:\\\"chainQueue\\\";N;s:19:\\\"chainCatchCallbacks\\\";N;s:5:\\\"delay\\\";N;s:11:\\\"afterCommit\\\";b:1;s:10:\\\"middleware\\\";a:0:{}s:7:\\\"chained\\\";a:0:{}}\"}}', 0, NULL, 1650704913, 1650704913),
(5, 'default', '{\"uuid\":\"dcb53902-9c16-4da4-8610-a73f697ad84a\",\"displayName\":\"App\\\\Notifications\\\\Email\\\\SendEmail\",\"job\":\"Illuminate\\\\Queue\\\\CallQueuedHandler@call\",\"maxTries\":null,\"maxExceptions\":null,\"failOnTimeout\":false,\"backoff\":null,\"timeout\":null,\"retryUntil\":null,\"data\":{\"commandName\":\"Illuminate\\\\Notifications\\\\SendQueuedNotifications\",\"command\":\"O:48:\\\"Illuminate\\\\Notifications\\\\SendQueuedNotifications\\\":16:{s:11:\\\"notifiables\\\";O:45:\\\"Illuminate\\\\Contracts\\\\Database\\\\ModelIdentifier\\\":4:{s:5:\\\"class\\\";s:17:\\\"App\\\\Models\\\\Tenant\\\";s:2:\\\"id\\\";a:1:{i:0;s:36:\\\"eb52ab0d-722e-4cba-82d9-a8c84f008b98\\\";}s:9:\\\"relations\\\";a:0:{}s:10:\\\"connection\\\";s:5:\\\"mysql\\\";}s:12:\\\"notification\\\";O:33:\\\"App\\\\Notifications\\\\Email\\\\SendEmail\\\":13:{s:47:\\\"\\u0000App\\\\Notifications\\\\Email\\\\SendEmail\\u0000templateName\\\";s:10:\\\"New Tenant\\\";s:39:\\\"\\u0000App\\\\Notifications\\\\Email\\\\SendEmail\\u0000data\\\";a:0:{}s:2:\\\"id\\\";s:36:\\\"10614e92-f3f7-4f93-b272-f56e71ae0145\\\";s:6:\\\"locale\\\";N;s:10:\\\"connection\\\";N;s:5:\\\"queue\\\";N;s:15:\\\"chainConnection\\\";N;s:10:\\\"chainQueue\\\";N;s:19:\\\"chainCatchCallbacks\\\";N;s:5:\\\"delay\\\";N;s:11:\\\"afterCommit\\\";b:1;s:10:\\\"middleware\\\";a:0:{}s:7:\\\"chained\\\";a:0:{}}s:8:\\\"channels\\\";a:1:{i:0;s:4:\\\"mail\\\";}s:5:\\\"tries\\\";N;s:7:\\\"timeout\\\";N;s:17:\\\"shouldBeEncrypted\\\";b:0;s:3:\\\"job\\\";N;s:10:\\\"connection\\\";N;s:5:\\\"queue\\\";N;s:15:\\\"chainConnection\\\";N;s:10:\\\"chainQueue\\\";N;s:19:\\\"chainCatchCallbacks\\\";N;s:5:\\\"delay\\\";N;s:11:\\\"afterCommit\\\";b:1;s:10:\\\"middleware\\\";a:0:{}s:7:\\\"chained\\\";a:0:{}}\"}}', 0, NULL, 1650705014, 1650705014),
(6, 'default', '{\"uuid\":\"8026aa6a-e60e-4266-9e10-3241ba0fa846\",\"displayName\":\"App\\\\Jobs\\\\SendSMS\",\"job\":\"Illuminate\\\\Queue\\\\CallQueuedHandler@call\",\"maxTries\":null,\"maxExceptions\":null,\"failOnTimeout\":false,\"backoff\":null,\"timeout\":null,\"retryUntil\":null,\"data\":{\"commandName\":\"App\\\\Jobs\\\\SendSMS\",\"command\":\"O:16:\\\"App\\\\Jobs\\\\SendSMS\\\":14:{s:24:\\\"\\u0000*\\u0000smsTemplateRepository\\\";N;s:8:\\\"\\u0000*\\u0000event\\\";s:10:\\\"New Tenant\\\";s:13:\\\"\\u0000*\\u0000notifiable\\\";O:45:\\\"Illuminate\\\\Contracts\\\\Database\\\\ModelIdentifier\\\":4:{s:5:\\\"class\\\";s:17:\\\"App\\\\Models\\\\Tenant\\\";s:2:\\\"id\\\";s:36:\\\"eb52ab0d-722e-4cba-82d9-a8c84f008b98\\\";s:9:\\\"relations\\\";a:0:{}s:10:\\\"connection\\\";s:5:\\\"mysql\\\";}s:7:\\\"\\u0000*\\u0000data\\\";a:0:{}s:3:\\\"job\\\";N;s:10:\\\"connection\\\";N;s:5:\\\"queue\\\";N;s:15:\\\"chainConnection\\\";N;s:10:\\\"chainQueue\\\";N;s:19:\\\"chainCatchCallbacks\\\";N;s:5:\\\"delay\\\";N;s:11:\\\"afterCommit\\\";b:1;s:10:\\\"middleware\\\";a:0:{}s:7:\\\"chained\\\";a:0:{}}\"}}', 0, NULL, 1650705014, 1650705014),
(7, 'default', '{\"uuid\":\"003f580d-5e93-4a5f-ae7b-3248e36ee486\",\"displayName\":\"App\\\\Notifications\\\\Email\\\\InvoiceEmail\",\"job\":\"Illuminate\\\\Queue\\\\CallQueuedHandler@call\",\"maxTries\":null,\"maxExceptions\":null,\"failOnTimeout\":false,\"backoff\":null,\"timeout\":null,\"retryUntil\":null,\"data\":{\"commandName\":\"Illuminate\\\\Notifications\\\\SendQueuedNotifications\",\"command\":\"O:48:\\\"Illuminate\\\\Notifications\\\\SendQueuedNotifications\\\":16:{s:11:\\\"notifiables\\\";O:45:\\\"Illuminate\\\\Contracts\\\\Database\\\\ModelIdentifier\\\":4:{s:5:\\\"class\\\";s:17:\\\"App\\\\Models\\\\Tenant\\\";s:2:\\\"id\\\";a:1:{i:0;s:36:\\\"eb52ab0d-722e-4cba-82d9-a8c84f008b98\\\";}s:9:\\\"relations\\\";a:0:{}s:10:\\\"connection\\\";s:5:\\\"mysql\\\";}s:12:\\\"notification\\\";O:36:\\\"App\\\\Notifications\\\\Email\\\\InvoiceEmail\\\":14:{s:50:\\\"\\u0000App\\\\Notifications\\\\Email\\\\InvoiceEmail\\u0000templateName\\\";s:11:\\\"New Invoice\\\";s:42:\\\"\\u0000App\\\\Notifications\\\\Email\\\\InvoiceEmail\\u0000data\\\";O:45:\\\"Illuminate\\\\Contracts\\\\Database\\\\ModelIdentifier\\\":4:{s:5:\\\"class\\\";s:18:\\\"App\\\\Models\\\\Invoice\\\";s:2:\\\"id\\\";s:36:\\\"261f3bb3-2f2b-491b-8ec6-369b839a1f58\\\";s:9:\\\"relations\\\";a:0:{}s:10:\\\"connection\\\";s:5:\\\"mysql\\\";}s:49:\\\"\\u0000App\\\\Notifications\\\\Email\\\\InvoiceEmail\\u0000invoiceData\\\";a:3:{s:7:\\\"invoice\\\";a:32:{s:2:\\\"id\\\";s:36:\\\"261f3bb3-2f2b-491b-8ec6-369b839a1f58\\\";s:8:\\\"agent_id\\\";N;s:5:\\\"agent\\\";N;s:6:\\\"period\\\";O:29:\\\"Illuminate\\\\Support\\\\Collection\\\":2:{s:8:\\\"\\u0000*\\u0000items\\\";a:2:{s:2:\\\"id\\\";s:36:\\\"14a34f8d-ca1b-45d8-ba4d-9c493a5e2087\\\";s:4:\\\"name\\\";s:11:\\\"April, 2022\\\";}s:28:\\\"\\u0000*\\u0000escapeWhenCastingToString\\\";b:0;}s:11:\\\"period_name\\\";s:11:\\\"April, 2022\\\";s:13:\\\"invoice_items\\\";O:58:\\\"Illuminate\\\\Http\\\\Resources\\\\Json\\\\AnonymousResourceCollection\\\":7:{s:8:\\\"collects\\\";s:38:\\\"App\\\\Http\\\\Resources\\\\InvoiceItemResource\\\";s:10:\\\"collection\\\";O:29:\\\"Illuminate\\\\Support\\\\Collection\\\":2:{s:8:\\\"\\u0000*\\u0000items\\\";a:3:{i:0;O:38:\\\"App\\\\Http\\\\Resources\\\\InvoiceItemResource\\\":3:{s:8:\\\"resource\\\";O:22:\\\"App\\\\Models\\\\InvoiceItem\\\":33:{s:8:\\\"\\u0000*\\u0000table\\\";s:13:\\\"invoice_items\\\";s:13:\\\"\\u0000*\\u0000primaryKey\\\";s:2:\\\"id\\\";s:11:\\\"\\u0000*\\u0000fillable\\\";a:16:{i:0;s:8:\\\"agent_id\\\";i:1;s:10:\\\"invoice_id\\\";i:2;s:8:\\\"lease_id\\\";i:3;s:11:\\\"property_id\\\";i:4;s:9:\\\"item_name\\\";i:5;s:9:\\\"item_type\\\";i:6;s:16:\\\"item_description\\\";i:7;s:8:\\\"quantity\\\";i:8;s:5:\\\"price\\\";i:9;s:6:\\\"amount\\\";i:10;s:7:\\\"paid_on\\\";i:11;s:8:\\\"discount\\\";i:12;s:3:\\\"tax\\\";i:13;s:6:\\\"tax_id\\\";i:14;s:10:\\\"created_by\\\";i:15;s:10:\\\"updated_by\\\";}s:13:\\\"\\u0000*\\u0000searchable\\\";a:1:{s:7:\\\"columns\\\";a:2:{s:23:\\\"invoice_items.item_name\\\";i:1;s:30:\\\"invoice_items.item_description\\\";i:1;}}s:12:\\\"incrementing\\\";b:0;s:10:\\\"\\u0000*\\u0000keyType\\\";s:6:\\\"string\\\";s:9:\\\"\\u0000*\\u0000hidden\\\";a:1:{i:0;s:8:\\\"password\\\";}s:13:\\\"\\u0000*\\u0000connection\\\";s:5:\\\"mysql\\\";s:7:\\\"\\u0000*\\u0000with\\\";a:0:{}s:12:\\\"\\u0000*\\u0000withCount\\\";a:0:{}s:19:\\\"preventsLazyLoading\\\";b:0;s:10:\\\"\\u0000*\\u0000perPage\\\";i:15;s:6:\\\"exists\\\";b:1;s:18:\\\"wasRecentlyCreated\\\";b:0;s:28:\\\"\\u0000*\\u0000escapeWhenCastingToString\\\";b:0;s:13:\\\"\\u0000*\\u0000attributes\\\";a:20:{s:2:\\\"id\\\";s:36:\\\"5d7a1a9b-bba9-497b-a53f-691851ea97a4\\\";s:8:\\\"agent_id\\\";N;s:10:\\\"invoice_id\\\";s:36:\\\"261f3bb3-2f2b-491b-8ec6-369b839a1f58\\\";s:8:\\\"lease_id\\\";s:36:\\\"55ebd3bd-5af1-42d0-875b-5d61eb3fe526\\\";s:11:\\\"property_id\\\";s:36:\\\"9a470677-b4d4-4211-aa42-96dc5bbf3622\\\";s:9:\\\"item_name\\\";s:28:\\\"Processing Fee - April, 2022\\\";s:9:\\\"item_type\\\";s:12:\\\"EXTRA_CHARGE\\\";s:16:\\\"item_description\\\";s:28:\\\"Processing Fee - April, 2022\\\";s:8:\\\"quantity\\\";s:1:\\\"1\\\";s:5:\\\"price\\\";d:50;s:6:\\\"amount\\\";d:50;s:8:\\\"discount\\\";d:0;s:3:\\\"tax\\\";d:0;s:6:\\\"tax_id\\\";s:0:\\\"\\\";s:7:\\\"paid_on\\\";N;s:10:\\\"created_by\\\";s:0:\\\"\\\";s:10:\\\"updated_by\\\";s:0:\\\"\\\";s:10:\\\"deleted_at\\\";N;s:10:\\\"created_at\\\";s:19:\\\"2022-04-23 12:14:01\\\";s:10:\\\"updated_at\\\";s:19:\\\"2022-04-23 12:14:01\\\";}s:11:\\\"\\u0000*\\u0000original\\\";a:20:{s:2:\\\"id\\\";s:36:\\\"5d7a1a9b-bba9-497b-a53f-691851ea97a4\\\";s:8:\\\"agent_id\\\";N;s:10:\\\"invoice_id\\\";s:36:\\\"261f3bb3-2f2b-491b-8ec6-369b839a1f58\\\";s:8:\\\"lease_id\\\";s:36:\\\"55ebd3bd-5af1-42d0-875b-5d61eb3fe526\\\";s:11:\\\"property_id\\\";s:36:\\\"9a470677-b4d4-4211-aa42-96dc5bbf3622\\\";s:9:\\\"item_name\\\";s:28:\\\"Processing Fee - April, 2022\\\";s:9:\\\"item_type\\\";s:12:\\\"EXTRA_CHARGE\\\";s:16:\\\"item_description\\\";s:28:\\\"Processing Fee - April, 2022\\\";s:8:\\\"quantity\\\";s:1:\\\"1\\\";s:5:\\\"price\\\";d:50;s:6:\\\"amount\\\";d:50;s:8:\\\"discount\\\";d:0;s:3:\\\"tax\\\";d:0;s:6:\\\"tax_id\\\";s:0:\\\"\\\";s:7:\\\"paid_on\\\";N;s:10:\\\"created_by\\\";s:0:\\\"\\\";s:10:\\\"updated_by\\\";s:0:\\\"\\\";s:10:\\\"deleted_at\\\";N;s:10:\\\"created_at\\\";s:19:\\\"2022-04-23 12:14:01\\\";s:10:\\\"updated_at\\\";s:19:\\\"2022-04-23 12:14:01\\\";}s:10:\\\"\\u0000*\\u0000changes\\\";a:0:{}s:8:\\\"\\u0000*\\u0000casts\\\";a:1:{s:10:\\\"deleted_at\\\";s:8:\\\"datetime\\\";}s:17:\\\"\\u0000*\\u0000classCastCache\\\";a:0:{}s:21:\\\"\\u0000*\\u0000attributeCastCache\\\";a:0:{}s:8:\\\"\\u0000*\\u0000dates\\\";a:0:{}s:13:\\\"\\u0000*\\u0000dateFormat\\\";N;s:10:\\\"\\u0000*\\u0000appends\\\";a:0:{}s:19:\\\"\\u0000*\\u0000dispatchesEvents\\\";a:0:{}s:14:\\\"\\u0000*\\u0000observables\\\";a:0:{}s:12:\\\"\\u0000*\\u0000relations\\\";a:0:{}s:10:\\\"\\u0000*\\u0000touches\\\";a:0:{}s:10:\\\"timestamps\\\";b:1;s:10:\\\"\\u0000*\\u0000visible\\\";a:0:{}s:10:\\\"\\u0000*\\u0000guarded\\\";a:1:{i:0;s:1:\\\"*\\\";}s:16:\\\"\\u0000*\\u0000forceDeleting\\\";b:0;s:18:\\\"\\u0000*\\u0000search_bindings\\\";a:0:{}}s:4:\\\"with\\\";a:0:{}s:10:\\\"additional\\\";a:0:{}}i:1;O:38:\\\"App\\\\Http\\\\Resources\\\\InvoiceItemResource\\\":3:{s:8:\\\"resource\\\";O:22:\\\"App\\\\Models\\\\InvoiceItem\\\":33:{s:8:\\\"\\u0000*\\u0000table\\\";s:13:\\\"invoice_items\\\";s:13:\\\"\\u0000*\\u0000primaryKey\\\";s:2:\\\"id\\\";s:11:\\\"\\u0000*\\u0000fillable\\\";a:16:{i:0;s:8:\\\"agent_id\\\";i:1;s:10:\\\"invoice_id\\\";i:2;s:8:\\\"lease_id\\\";i:3;s:11:\\\"property_id\\\";i:4;s:9:\\\"item_name\\\";i:5;s:9:\\\"item_type\\\";i:6;s:16:\\\"item_description\\\";i:7;s:8:\\\"quantity\\\";i:8;s:5:\\\"price\\\";i:9;s:6:\\\"amount\\\";i:10;s:7:\\\"paid_on\\\";i:11;s:8:\\\"discount\\\";i:12;s:3:\\\"tax\\\";i:13;s:6:\\\"tax_id\\\";i:14;s:10:\\\"created_by\\\";i:15;s:10:\\\"updated_by\\\";}s:13:\\\"\\u0000*\\u0000searchable\\\";a:1:{s:7:\\\"columns\\\";a:2:{s:23:\\\"invoice_items.item_name\\\";i:1;s:30:\\\"invoice_items.item_description\\\";i:1;}}s:12:\\\"incrementing\\\";b:0;s:10:\\\"\\u0000*\\u0000keyType\\\";s:6:\\\"string\\\";s:9:\\\"\\u0000*\\u0000hidden\\\";a:1:{i:0;s:8:\\\"password\\\";}s:13:\\\"\\u0000*\\u0000connection\\\";s:5:\\\"mysql\\\";s:7:\\\"\\u0000*\\u0000with\\\";a:0:{}s:12:\\\"\\u0000*\\u0000withCount\\\";a:0:{}s:19:\\\"preventsLazyLoading\\\";b:0;s:10:\\\"\\u0000*\\u0000perPage\\\";i:15;s:6:\\\"exists\\\";b:1;s:18:\\\"wasRecentlyCreated\\\";b:0;s:28:\\\"\\u0000*\\u0000escapeWhenCastingToString\\\";b:0;s:13:\\\"\\u0000*\\u0000attributes\\\";a:20:{s:2:\\\"id\\\";s:36:\\\"7618ae96-2482-4788-a995-f53948d4130b\\\";s:8:\\\"agent_id\\\";N;s:10:\\\"invoice_id\\\";s:36:\\\"261f3bb3-2f2b-491b-8ec6-369b839a1f58\\\";s:8:\\\"lease_id\\\";s:36:\\\"55ebd3bd-5af1-42d0-875b-5d61eb3fe526\\\";s:11:\\\"property_id\\\";s:36:\\\"9a470677-b4d4-4211-aa42-96dc5bbf3622\\\";s:9:\\\"item_name\\\";s:18:\\\"Rent - April, 2022\\\";s:9:\\\"item_type\\\";s:4:\\\"RENT\\\";s:16:\\\"item_description\\\";s:18:\\\"Rent - April, 2022\\\";s:8:\\\"quantity\\\";s:1:\\\"1\\\";s:5:\\\"price\\\";d:500;s:6:\\\"amount\\\";d:500;s:8:\\\"discount\\\";d:0;s:3:\\\"tax\\\";d:0;s:6:\\\"tax_id\\\";s:0:\\\"\\\";s:7:\\\"paid_on\\\";N;s:10:\\\"created_by\\\";s:0:\\\"\\\";s:10:\\\"updated_by\\\";s:0:\\\"\\\";s:10:\\\"deleted_at\\\";N;s:10:\\\"created_at\\\";s:19:\\\"2022-04-23 12:14:01\\\";s:10:\\\"updated_at\\\";s:19:\\\"2022-04-23 12:14:01\\\";}s:11:\\\"\\u0000*\\u0000original\\\";a:20:{s:2:\\\"id\\\";s:36:\\\"7618ae96-2482-4788-a995-f53948d4130b\\\";s:8:\\\"agent_id\\\";N;s:10:\\\"invoice_id\\\";s:36:\\\"261f3bb3-2f2b-491b-8ec6-369b839a1f58\\\";s:8:\\\"lease_id\\\";s:36:\\\"55ebd3bd-5af1-42d0-875b-5d61eb3fe526\\\";s:11:\\\"property_id\\\";s:36:\\\"9a470677-b4d4-4211-aa42-96dc5bbf3622\\\";s:9:\\\"item_name\\\";s:18:\\\"Rent - April, 2022\\\";s:9:\\\"item_type\\\";s:4:\\\"RENT\\\";s:16:\\\"item_description\\\";s:18:\\\"Rent - April, 2022\\\";s:8:\\\"quantity\\\";s:1:\\\"1\\\";s:5:\\\"price\\\";d:500;s:6:\\\"amount\\\";d:500;s:8:\\\"discount\\\";d:0;s:3:\\\"tax\\\";d:0;s:6:\\\"tax_id\\\";s:0:\\\"\\\";s:7:\\\"paid_on\\\";N;s:10:\\\"created_by\\\";s:0:\\\"\\\";s:10:\\\"updated_by\\\";s:0:\\\"\\\";s:10:\\\"deleted_at\\\";N;s:10:\\\"created_at\\\";s:19:\\\"2022-04-23 12:14:01\\\";s:10:\\\"updated_at\\\";s:19:\\\"2022-04-23 12:14:01\\\";}s:10:\\\"\\u0000*\\u0000changes\\\";a:0:{}s:8:\\\"\\u0000*\\u0000casts\\\";a:1:{s:10:\\\"deleted_at\\\";s:8:\\\"datetime\\\";}s:17:\\\"\\u0000*\\u0000classCastCache\\\";a:0:{}s:21:\\\"\\u0000*\\u0000attributeCastCache\\\";a:0:{}s:8:\\\"\\u0000*\\u0000dates\\\";a:0:{}s:13:\\\"\\u0000*\\u0000dateFormat\\\";N;s:10:\\\"\\u0000*\\u0000appends\\\";a:0:{}s:19:\\\"\\u0000*\\u0000dispatchesEvents\\\";a:0:{}s:14:\\\"\\u0000*\\u0000observables\\\";a:0:{}s:12:\\\"\\u0000*\\u0000relations\\\";a:0:{}s:10:\\\"\\u0000*\\u0000touches\\\";a:0:{}s:10:\\\"timestamps\\\";b:1;s:10:\\\"\\u0000*\\u0000visible\\\";a:0:{}s:10:\\\"\\u0000*\\u0000guarded\\\";a:1:{i:0;s:1:\\\"*\\\";}s:16:\\\"\\u0000*\\u0000forceDeleting\\\";b:0;s:18:\\\"\\u0000*\\u0000search_bindings\\\";a:0:{}}s:4:\\\"with\\\";a:0:{}s:10:\\\"additional\\\";a:0:{}}i:2;O:38:\\\"App\\\\Http\\\\Resources\\\\InvoiceItemResource\\\":3:{s:8:\\\"resource\\\";O:22:\\\"App\\\\Models\\\\InvoiceItem\\\":33:{s:8:\\\"\\u0000*\\u0000table\\\";s:13:\\\"invoice_items\\\";s:13:\\\"\\u0000*\\u0000primaryKey\\\";s:2:\\\"id\\\";s:11:\\\"\\u0000*\\u0000fillable\\\";a:16:{i:0;s:8:\\\"agent_id\\\";i:1;s:10:\\\"invoice_id\\\";i:2;s:8:\\\"lease_id\\\";i:3;s:11:\\\"property_id\\\";i:4;s:9:\\\"item_name\\\";i:5;s:9:\\\"item_type\\\";i:6;s:16:\\\"item_description\\\";i:7;s:8:\\\"quantity\\\";i:8;s:5:\\\"price\\\";i:9;s:6:\\\"amount\\\";i:10;s:7:\\\"paid_on\\\";i:11;s:8:\\\"discount\\\";i:12;s:3:\\\"tax\\\";i:13;s:6:\\\"tax_id\\\";i:14;s:10:\\\"created_by\\\";i:15;s:10:\\\"updated_by\\\";}s:13:\\\"\\u0000*\\u0000searchable\\\";a:1:{s:7:\\\"columns\\\";a:2:{s:23:\\\"invoice_items.item_name\\\";i:1;s:30:\\\"invoice_items.item_description\\\";i:1;}}s:12:\\\"incrementing\\\";b:0;s:10:\\\"\\u0000*\\u0000keyType\\\";s:6:\\\"string\\\";s:9:\\\"\\u0000*\\u0000hidden\\\";a:1:{i:0;s:8:\\\"password\\\";}s:13:\\\"\\u0000*\\u0000connection\\\";s:5:\\\"mysql\\\";s:7:\\\"\\u0000*\\u0000with\\\";a:0:{}s:12:\\\"\\u0000*\\u0000withCount\\\";a:0:{}s:19:\\\"preventsLazyLoading\\\";b:0;s:10:\\\"\\u0000*\\u0000perPage\\\";i:15;s:6:\\\"exists\\\";b:1;s:18:\\\"wasRecentlyCreated\\\";b:0;s:28:\\\"\\u0000*\\u0000escapeWhenCastingToString\\\";b:0;s:13:\\\"\\u0000*\\u0000attributes\\\";a:20:{s:2:\\\"id\\\";s:36:\\\"aad1733b-9b30-44b8-965c-800e1a644909\\\";s:8:\\\"agent_id\\\";N;s:10:\\\"invoice_id\\\";s:36:\\\"261f3bb3-2f2b-491b-8ec6-369b839a1f58\\\";s:8:\\\"lease_id\\\";s:36:\\\"55ebd3bd-5af1-42d0-875b-5d61eb3fe526\\\";s:11:\\\"property_id\\\";s:36:\\\"9a470677-b4d4-4211-aa42-96dc5bbf3622\\\";s:9:\\\"item_name\\\";s:12:\\\"Rent Deposit\\\";s:9:\\\"item_type\\\";s:12:\\\"RENT_DEPOSIT\\\";s:16:\\\"item_description\\\";s:12:\\\"Rent Deposit\\\";s:8:\\\"quantity\\\";s:1:\\\"1\\\";s:5:\\\"price\\\";d:500;s:6:\\\"amount\\\";d:500;s:8:\\\"discount\\\";d:0;s:3:\\\"tax\\\";d:0;s:6:\\\"tax_id\\\";s:0:\\\"\\\";s:7:\\\"paid_on\\\";N;s:10:\\\"created_by\\\";s:0:\\\"\\\";s:10:\\\"updated_by\\\";s:0:\\\"\\\";s:10:\\\"deleted_at\\\";N;s:10:\\\"created_at\\\";s:19:\\\"2022-04-23 12:14:01\\\";s:10:\\\"updated_at\\\";s:19:\\\"2022-04-23 12:14:01\\\";}s:11:\\\"\\u0000*\\u0000original\\\";a:20:{s:2:\\\"id\\\";s:36:\\\"aad1733b-9b30-44b8-965c-800e1a644909\\\";s:8:\\\"agent_id\\\";N;s:10:\\\"invoice_id\\\";s:36:\\\"261f3bb3-2f2b-491b-8ec6-369b839a1f58\\\";s:8:\\\"lease_id\\\";s:36:\\\"55ebd3bd-5af1-42d0-875b-5d61eb3fe526\\\";s:11:\\\"property_id\\\";s:36:\\\"9a470677-b4d4-4211-aa42-96dc5bbf3622\\\";s:9:\\\"item_name\\\";s:12:\\\"Rent Deposit\\\";s:9:\\\"item_type\\\";s:12:\\\"RENT_DEPOSIT\\\";s:16:\\\"item_description\\\";s:12:\\\"Rent Deposit\\\";s:8:\\\"quantity\\\";s:1:\\\"1\\\";s:5:\\\"price\\\";d:500;s:6:\\\"amount\\\";d:500;s:8:\\\"discount\\\";d:0;s:3:\\\"tax\\\";d:0;s:6:\\\"tax_id\\\";s:0:\\\"\\\";s:7:\\\"paid_on\\\";N;s:10:\\\"created_by\\\";s:0:\\\"\\\";s:10:\\\"updated_by\\\";s:0:\\\"\\\";s:10:\\\"deleted_at\\\";N;s:10:\\\"created_at\\\";s:19:\\\"2022-04-23 12:14:01\\\";s:10:\\\"updated_at\\\";s:19:\\\"2022-04-23 12:14:01\\\";}s:10:\\\"\\u0000*\\u0000changes\\\";a:0:{}s:8:\\\"\\u0000*\\u0000casts\\\";a:1:{s:10:\\\"deleted_at\\\";s:8:\\\"datetime\\\";}s:17:\\\"\\u0000*\\u0000classCastCache\\\";a:0:{}s:21:\\\"\\u0000*\\u0000attributeCastCache\\\";a:0:{}s:8:\\\"\\u0000*\\u0000dates\\\";a:0:{}s:13:\\\"\\u0000*\\u0000dateFormat\\\";N;s:10:\\\"\\u0000*\\u0000appends\\\";a:0:{}s:19:\\\"\\u0000*\\u0000dispatchesEvents\\\";a:0:{}s:14:\\\"\\u0000*\\u0000observables\\\";a:0:{}s:12:\\\"\\u0000*\\u0000relations\\\";a:0:{}s:10:\\\"\\u0000*\\u0000touches\\\";a:0:{}s:10:\\\"timestamps\\\";b:1;s:10:\\\"\\u0000*\\u0000visible\\\";a:0:{}s:10:\\\"\\u0000*\\u0000guarded\\\";a:1:{i:0;s:1:\\\"*\\\";}s:16:\\\"\\u0000*\\u0000forceDeleting\\\";b:0;s:18:\\\"\\u0000*\\u0000search_bindings\\\";a:0:{}}s:4:\\\"with\\\";a:0:{}s:10:\\\"additional\\\";a:0:{}}}s:28:\\\"\\u0000*\\u0000escapeWhenCastingToString\\\";b:0;}s:29:\\\"\\u0000*\\u0000preserveAllQueryParameters\\\";b:0;s:18:\\\"\\u0000*\\u0000queryParameters\\\";N;s:8:\\\"resource\\\";r:28;s:4:\\\"with\\\";a:0:{}s:10:\\\"additional\\\";a:0:{}}s:7:\\\"summary\\\";a:8:{s:5:\\\"count\\\";i:3;s:14:\\\"invoice_amount\\\";s:8:\\\"1,050.00\\\";s:11:\\\"amount_paid\\\";s:4:\\\"0.00\\\";s:10:\\\"amount_due\\\";s:8:\\\"1,050.00\\\";s:21:\\\"invoice_amount_number\\\";d:1050;s:18:\\\"amount_paid_number\\\";d:0;s:17:\\\"amount_due_number\\\";d:1050;s:6:\\\"status\\\";a:4:{s:11:\\\"status_text\\\";s:9:\\\"Due Today\\\";s:11:\\\"status_icon\\\";s:4:\\\"info\\\";s:12:\\\"status_color\\\";s:12:\\\"text-warning\\\";s:10:\\\"status_btn\\\";s:19:\\\"btn-outline-warning\\\";}}s:20:\\\"payment_transactions\\\";O:58:\\\"Illuminate\\\\Http\\\\Resources\\\\Json\\\\AnonymousResourceCollection\\\":7:{s:8:\\\"collects\\\";s:38:\\\"App\\\\Http\\\\Resources\\\\TransactionResource\\\";s:10:\\\"collection\\\";O:39:\\\"Illuminate\\\\Database\\\\Eloquent\\\\Collection\\\":2:{s:8:\\\"\\u0000*\\u0000items\\\";a:0:{}s:28:\\\"\\u0000*\\u0000escapeWhenCastingToString\\\";b:0;}s:29:\\\"\\u0000*\\u0000preserveAllQueryParameters\\\";b:0;s:18:\\\"\\u0000*\\u0000queryParameters\\\";N;s:8:\\\"resource\\\";r:348;s:4:\\\"with\\\";a:0:{}s:10:\\\"additional\\\";a:0:{}}s:15:\\\"payment_summary\\\";a:2:{s:5:\\\"items\\\";a:0:{}s:13:\\\"receipt_items\\\";a:0:{}}s:14:\\\"waiver_summary\\\";a:0:{}s:11:\\\"property_id\\\";s:36:\\\"9a470677-b4d4-4211-aa42-96dc5bbf3622\\\";s:9:\\\"period_id\\\";s:36:\\\"14a34f8d-ca1b-45d8-ba4d-9c493a5e2087\\\";s:8:\\\"lease_id\\\";s:36:\\\"55ebd3bd-5af1-42d0-875b-5d61eb3fe526\\\";s:5:\\\"lease\\\";O:32:\\\"App\\\\Http\\\\Resources\\\\LeaseResource\\\":3:{s:8:\\\"resource\\\";O:16:\\\"App\\\\Models\\\\Lease\\\":33:{s:8:\\\"\\u0000*\\u0000table\\\";s:6:\\\"leases\\\";s:13:\\\"\\u0000*\\u0000primaryKey\\\";s:2:\\\"id\\\";s:11:\\\"\\u0000*\\u0000fillable\\\";a:25:{i:0;s:8:\\\"agent_id\\\";i:1;s:11:\\\"landlord_id\\\";i:2;s:11:\\\"property_id\\\";i:3;s:13:\\\"lease_type_id\\\";i:4;s:13:\\\"lease_mode_id\\\";i:5;s:12:\\\"lease_number\\\";i:6;s:10:\\\"start_date\\\";i:7;s:8:\\\"end_date\\\";i:8;s:8:\\\"due_date\\\";i:9;s:11:\\\"rent_amount\\\";i:10;s:12:\\\"rent_deposit\\\";i:11;s:9:\\\"billed_on\\\";i:12;s:13:\\\"terminated_on\\\";i:13;s:13:\\\"terminated_by\\\";i:14;s:17:\\\"next_billing_date\\\";i:15;s:6:\\\"due_on\\\";i:16;s:13:\\\"waive_penalty\\\";i:17;s:21:\\\"invoice_number_prefix\\\";i:18;s:14:\\\"invoice_footer\\\";i:19;s:13:\\\"invoice_terms\\\";i:20;s:30:\\\"show_payment_method_on_invoice\\\";i:21;s:13:\\\"agreement_doc\\\";i:22;s:20:\\\"skip_starting_period\\\";i:23;s:19:\\\"generate_invoice_on\\\";i:24;s:19:\\\"next_period_billing\\\";}s:8:\\\"\\u0000*\\u0000casts\\\";a:4:{s:19:\\\"next_period_billing\\\";s:7:\\\"boolean\\\";s:20:\\\"skip_starting_period\\\";s:7:\\\"boolean\\\";s:13:\\\"waive_penalty\\\";s:7:\\\"boolean\\\";s:10:\\\"deleted_at\\\";s:8:\\\"datetime\\\";}s:13:\\\"\\u0000*\\u0000searchable\\\";a:1:{s:7:\\\"columns\\\";a:1:{s:19:\\\"leases.lease_number\\\";i:1;}}s:12:\\\"incrementing\\\";b:0;s:10:\\\"\\u0000*\\u0000keyType\\\";s:6:\\\"string\\\";s:9:\\\"\\u0000*\\u0000hidden\\\";a:1:{i:0;s:8:\\\"password\\\";}s:13:\\\"\\u0000*\\u0000connection\\\";s:5:\\\"mysql\\\";s:7:\\\"\\u0000*\\u0000with\\\";a:0:{}s:12:\\\"\\u0000*\\u0000withCount\\\";a:0:{}s:19:\\\"preventsLazyLoading\\\";b:0;s:10:\\\"\\u0000*\\u0000perPage\\\";i:15;s:6:\\\"exists\\\";b:1;s:18:\\\"wasRecentlyCreated\\\";b:0;s:28:\\\"\\u0000*\\u0000escapeWhenCastingToString\\\";b:0;s:13:\\\"\\u0000*\\u0000attributes\\\";a:33:{s:2:\\\"id\\\";s:36:\\\"55ebd3bd-5af1-42d0-875b-5d61eb3fe526\\\";s:8:\\\"agent_id\\\";N;s:11:\\\"landlord_id\\\";s:36:\\\"b5096940-02ab-4bed-9721-0e3ffb60fb0e\\\";s:11:\\\"property_id\\\";s:36:\\\"9a470677-b4d4-4211-aa42-96dc5bbf3622\\\";s:13:\\\"lease_type_id\\\";s:36:\\\"e0325d0a-1186-4426-9ee3-1a72084cb37c\\\";s:13:\\\"lease_mode_id\\\";N;s:12:\\\"lease_number\\\";s:6:\\\"LS0001\\\";s:10:\\\"start_date\\\";s:10:\\\"2022-04-23\\\";s:8:\\\"end_date\\\";N;s:8:\\\"due_date\\\";N;s:17:\\\"next_billing_date\\\";s:10:\\\"2022-04-28\\\";s:9:\\\"billed_on\\\";s:10:\\\"2022-04-23\\\";s:13:\\\"terminated_on\\\";N;s:13:\\\"terminated_by\\\";N;s:11:\\\"rent_amount\\\";s:3:\\\"500\\\";s:12:\\\"rent_deposit\\\";s:3:\\\"500\\\";s:17:\\\"billing_frequency\\\";N;s:6:\\\"due_on\\\";s:1:\\\"5\\\";s:13:\\\"waive_penalty\\\";i:1;s:20:\\\"skip_starting_period\\\";i:0;s:19:\\\"generate_invoice_on\\\";i:28;s:19:\\\"next_period_billing\\\";i:1;s:13:\\\"agreement_doc\\\";N;s:21:\\\"invoice_number_prefix\\\";N;s:14:\\\"invoice_footer\\\";N;s:13:\\\"invoice_terms\\\";N;s:30:\\\"show_payment_method_on_invoice\\\";i:0;s:10:\\\"created_by\\\";N;s:10:\\\"updated_by\\\";N;s:10:\\\"deleted_by\\\";N;s:10:\\\"deleted_at\\\";N;s:10:\\\"created_at\\\";s:19:\\\"2022-04-23 12:14:01\\\";s:10:\\\"updated_at\\\";s:19:\\\"2022-04-23 12:14:01\\\";}s:11:\\\"\\u0000*\\u0000original\\\";a:33:{s:2:\\\"id\\\";s:36:\\\"55ebd3bd-5af1-42d0-875b-5d61eb3fe526\\\";s:8:\\\"agent_id\\\";N;s:11:\\\"landlord_id\\\";s:36:\\\"b5096940-02ab-4bed-9721-0e3ffb60fb0e\\\";s:11:\\\"property_id\\\";s:36:\\\"9a470677-b4d4-4211-aa42-96dc5bbf3622\\\";s:13:\\\"lease_type_id\\\";s:36:\\\"e0325d0a-1186-4426-9ee3-1a72084cb37c\\\";s:13:\\\"lease_mode_id\\\";N;s:12:\\\"lease_number\\\";s:6:\\\"LS0001\\\";s:10:\\\"start_date\\\";s:10:\\\"2022-04-23\\\";s:8:\\\"end_date\\\";N;s:8:\\\"due_date\\\";N;s:17:\\\"next_billing_date\\\";s:10:\\\"2022-04-28\\\";s:9:\\\"billed_on\\\";s:10:\\\"2022-04-23\\\";s:13:\\\"terminated_on\\\";N;s:13:\\\"terminated_by\\\";N;s:11:\\\"rent_amount\\\";s:3:\\\"500\\\";s:12:\\\"rent_deposit\\\";s:3:\\\"500\\\";s:17:\\\"billing_frequency\\\";N;s:6:\\\"due_on\\\";s:1:\\\"5\\\";s:13:\\\"waive_penalty\\\";i:1;s:20:\\\"skip_starting_period\\\";i:0;s:19:\\\"generate_invoice_on\\\";i:28;s:19:\\\"next_period_billing\\\";i:1;s:13:\\\"agreement_doc\\\";N;s:21:\\\"invoice_number_prefix\\\";N;s:14:\\\"invoice_footer\\\";N;s:13:\\\"invoice_terms\\\";N;s:30:\\\"show_payment_method_on_invoice\\\";i:0;s:10:\\\"created_by\\\";N;s:10:\\\"updated_by\\\";N;s:10:\\\"deleted_by\\\";N;s:10:\\\"deleted_at\\\";N;s:10:\\\"created_at\\\";s:19:\\\"2022-04-23 12:14:01\\\";s:10:\\\"updated_at\\\";s:19:\\\"2022-04-23 12:14:01\\\";}s:10:\\\"\\u0000*\\u0000changes\\\";a:0:{}s:17:\\\"\\u0000*\\u0000classCastCache\\\";a:0:{}s:21:\\\"\\u0000*\\u0000attributeCastCache\\\";a:0:{}s:8:\\\"\\u0000*\\u0000dates\\\";a:0:{}s:13:\\\"\\u0000*\\u0000dateFormat\\\";N;s:10:\\\"\\u0000*\\u0000appends\\\";a:0:{}s:19:\\\"\\u0000*\\u0000dispatchesEvents\\\";a:0:{}s:14:\\\"\\u0000*\\u0000observables\\\";a:0:{}s:12:\\\"\\u0000*\\u0000relations\\\";a:0:{}s:10:\\\"\\u0000*\\u0000touches\\\";a:0:{}s:10:\\\"timestamps\\\";b:1;s:10:\\\"\\u0000*\\u0000visible\\\";a:0:{}s:10:\\\"\\u0000*\\u0000guarded\\\";a:1:{i:0;s:1:\\\"*\\\";}s:16:\\\"\\u0000*\\u0000forceDeleting\\\";b:0;s:18:\\\"\\u0000*\\u0000search_bindings\\\";a:0:{}}s:4:\\\"with\\\";a:0:{}s:10:\\\"additional\\\";a:0:{}}s:19:\\\"late_fee_charged_on\\\";N;s:11:\\\"amount_paid\\\";d:0;s:8:\\\"currency\\\";N;s:14:\\\"invoice_number\\\";s:7:\\\"INV0001\\\";s:12:\\\"invoice_date\\\";s:10:\\\"23-04-2022\\\";s:8:\\\"due_date\\\";s:10:\\\"23-04-2022\\\";s:7:\\\"paid_on\\\";N;s:5:\\\"terms\\\";N;s:5:\\\"notes\\\";N;s:11:\\\"total_items\\\";d:0;s:9:\\\"sub_total\\\";d:0;s:9:\\\"total_tax\\\";d:0;s:14:\\\"total_discount\\\";d:0;s:14:\\\"invoice_amount\\\";d:0;s:10:\\\"created_by\\\";s:0:\\\"\\\";s:10:\\\"updated_by\\\";s:0:\\\"\\\";s:10:\\\"created_at\\\";O:25:\\\"Illuminate\\\\Support\\\\Carbon\\\":3:{s:4:\\\"date\\\";s:26:\\\"2022-04-23 12:14:01.000000\\\";s:13:\\\"timezone_type\\\";i:3;s:8:\\\"timezone\\\";s:14:\\\"Africa\\/Nairobi\\\";}s:10:\\\"updated_at\\\";O:25:\\\"Illuminate\\\\Support\\\\Carbon\\\":3:{s:4:\\\"date\\\";s:26:\\\"2022-04-23 12:14:01.000000\\\";s:13:\\\"timezone_type\\\";i:3;s:8:\\\"timezone\\\";s:14:\\\"Africa\\/Nairobi\\\";}}s:8:\\\"settings\\\";O:25:\\\"App\\\\Models\\\\GeneralSetting\\\":33:{s:8:\\\"\\u0000*\\u0000table\\\";s:16:\\\"general_settings\\\";s:13:\\\"\\u0000*\\u0000primaryKey\\\";s:2:\\\"id\\\";s:11:\\\"\\u0000*\\u0000fillable\\\";a:17:{i:0;s:12:\\\"company_name\\\";i:1;s:13:\\\"business_type\\\";i:2;s:5:\\\"email\\\";i:3;s:8:\\\"currency\\\";i:4;s:5:\\\"phone\\\";i:5;s:16:\\\"physical_address\\\";i:6;s:14:\\\"postal_address\\\";i:7;s:11:\\\"website_url\\\";i:8;s:11:\\\"postal_code\\\";i:9;s:4:\\\"logo\\\";i:10;s:7:\\\"favicon\\\";i:11;s:11:\\\"date_format\\\";i:12;s:25:\\\"amount_thousand_separator\\\";i:13;s:24:\\\"amount_decimal_separator\\\";i:14;s:14:\\\"amount_decimal\\\";i:15;s:5:\\\"theme\\\";i:16;s:8:\\\"language\\\";}s:13:\\\"\\u0000*\\u0000searchable\\\";a:1:{s:7:\\\"columns\\\";a:1:{s:29:\\\"general_settings.company_name\\\";i:1;}}s:12:\\\"incrementing\\\";b:0;s:10:\\\"\\u0000*\\u0000keyType\\\";s:6:\\\"string\\\";s:9:\\\"\\u0000*\\u0000hidden\\\";a:1:{i:0;s:8:\\\"password\\\";}s:13:\\\"\\u0000*\\u0000connection\\\";s:5:\\\"mysql\\\";s:7:\\\"\\u0000*\\u0000with\\\";a:0:{}s:12:\\\"\\u0000*\\u0000withCount\\\";a:0:{}s:19:\\\"preventsLazyLoading\\\";b:0;s:10:\\\"\\u0000*\\u0000perPage\\\";i:15;s:6:\\\"exists\\\";b:1;s:18:\\\"wasRecentlyCreated\\\";b:0;s:28:\\\"\\u0000*\\u0000escapeWhenCastingToString\\\";b:0;s:13:\\\"\\u0000*\\u0000attributes\\\";a:23:{s:2:\\\"id\\\";s:36:\\\"93847279-3c8e-48de-80d8-6d52fa8339a4\\\";s:12:\\\"company_name\\\";s:27:\\\"Signal Rentals Realtors LTD\\\";s:12:\\\"company_type\\\";s:11:\\\"Real Estate\\\";s:5:\\\"email\\\";s:19:\\\"devtest@devtest.com\\\";s:8:\\\"currency\\\";s:3:\\\"USD\\\";s:5:\\\"phone\\\";s:13:\\\"+254724475357\\\";s:16:\\\"physical_address\\\";s:53:\\\"3rd Floor, Juhudi Plaza, SafariWalk off Thika Highway\\\";s:14:\\\"postal_address\\\";s:37:\\\"P.O Box 81283 - 90299, Nairobi, Kenya\\\";s:11:\\\"website_url\\\";s:19:\\\"www.robisignals.com\\\";s:11:\\\"postal_code\\\";s:5:\\\"90299\\\";s:4:\\\"logo\\\";N;s:7:\\\"favicon\\\";N;s:11:\\\"date_format\\\";s:5:\\\"d-m-Y\\\";s:25:\\\"amount_thousand_separator\\\";s:1:\\\",\\\";s:24:\\\"amount_decimal_separator\\\";s:1:\\\".\\\";s:14:\\\"amount_decimal\\\";s:1:\\\"2\\\";s:5:\\\"theme\\\";N;s:8:\\\"language\\\";N;s:10:\\\"deleted_at\\\";N;s:10:\\\"created_at\\\";s:19:\\\"2022-04-23 09:16:58\\\";s:10:\\\"updated_at\\\";s:19:\\\"2022-04-23 09:16:58\\\";s:8:\\\"logo_url\\\";s:0:\\\"\\\";s:14:\\\"invoice_footer\\\";s:11:\\\"xxxx footer\\\";}s:11:\\\"\\u0000*\\u0000original\\\";a:21:{s:2:\\\"id\\\";s:36:\\\"93847279-3c8e-48de-80d8-6d52fa8339a4\\\";s:12:\\\"company_name\\\";s:27:\\\"Signal Rentals Realtors LTD\\\";s:12:\\\"company_type\\\";s:11:\\\"Real Estate\\\";s:5:\\\"email\\\";s:19:\\\"devtest@devtest.com\\\";s:8:\\\"currency\\\";s:3:\\\"USD\\\";s:5:\\\"phone\\\";s:13:\\\"+254724475357\\\";s:16:\\\"physical_address\\\";s:53:\\\"3rd Floor, Juhudi Plaza, SafariWalk off Thika Highway\\\";s:14:\\\"postal_address\\\";s:37:\\\"P.O Box 81283 - 90299, Nairobi, Kenya\\\";s:11:\\\"website_url\\\";s:19:\\\"www.robisignals.com\\\";s:11:\\\"postal_code\\\";s:5:\\\"90299\\\";s:4:\\\"logo\\\";N;s:7:\\\"favicon\\\";N;s:11:\\\"date_format\\\";s:5:\\\"d-m-Y\\\";s:25:\\\"amount_thousand_separator\\\";s:1:\\\",\\\";s:24:\\\"amount_decimal_separator\\\";s:1:\\\".\\\";s:14:\\\"amount_decimal\\\";s:1:\\\"2\\\";s:5:\\\"theme\\\";N;s:8:\\\"language\\\";N;s:10:\\\"deleted_at\\\";N;s:10:\\\"created_at\\\";s:19:\\\"2022-04-23 09:16:58\\\";s:10:\\\"updated_at\\\";s:19:\\\"2022-04-23 09:16:58\\\";}s:10:\\\"\\u0000*\\u0000changes\\\";a:0:{}s:8:\\\"\\u0000*\\u0000casts\\\";a:1:{s:10:\\\"deleted_at\\\";s:8:\\\"datetime\\\";}s:17:\\\"\\u0000*\\u0000classCastCache\\\";a:0:{}s:21:\\\"\\u0000*\\u0000attributeCastCache\\\";a:0:{}s:8:\\\"\\u0000*\\u0000dates\\\";a:0:{}s:13:\\\"\\u0000*\\u0000dateFormat\\\";N;s:10:\\\"\\u0000*\\u0000appends\\\";a:0:{}s:19:\\\"\\u0000*\\u0000dispatchesEvents\\\";a:0:{}s:14:\\\"\\u0000*\\u0000observables\\\";a:0:{}s:12:\\\"\\u0000*\\u0000relations\\\";a:0:{}s:10:\\\"\\u0000*\\u0000touches\\\";a:0:{}s:10:\\\"timestamps\\\";b:1;s:10:\\\"\\u0000*\\u0000visible\\\";a:0:{}s:10:\\\"\\u0000*\\u0000guarded\\\";a:1:{i:0;s:1:\\\"*\\\";}s:16:\\\"\\u0000*\\u0000forceDeleting\\\";b:0;s:18:\\\"\\u0000*\\u0000search_bindings\\\";a:0:{}}s:10:\\\"local_path\\\";s:0:\\\"\\\";}s:2:\\\"id\\\";s:36:\\\"0c453aaf-0971-42e2-b182-6bc698e07aca\\\";s:6:\\\"locale\\\";N;s:10:\\\"connection\\\";N;s:5:\\\"queue\\\";N;s:15:\\\"chainConnection\\\";N;s:10:\\\"chainQueue\\\";N;s:19:\\\"chainCatchCallbacks\\\";N;s:5:\\\"delay\\\";N;s:11:\\\"afterCommit\\\";b:1;s:10:\\\"middleware\\\";a:0:{}s:7:\\\"chained\\\";a:0:{}}s:8:\\\"channels\\\";a:1:{i:0;s:4:\\\"mail\\\";}s:5:\\\"tries\\\";N;s:7:\\\"timeout\\\";N;s:17:\\\"shouldBeEncrypted\\\";b:0;s:3:\\\"job\\\";N;s:10:\\\"connection\\\";N;s:5:\\\"queue\\\";N;s:15:\\\"chainConnection\\\";N;s:10:\\\"chainQueue\\\";N;s:19:\\\"chainCatchCallbacks\\\";N;s:5:\\\"delay\\\";N;s:11:\\\"afterCommit\\\";b:1;s:10:\\\"middleware\\\";a:0:{}s:7:\\\"chained\\\";a:0:{}}\"}}', 0, NULL, 1650705241, 1650705241),
(8, 'default', '{\"uuid\":\"4aa1fa9e-858c-4d29-884b-61a68748ec3f\",\"displayName\":\"App\\\\Jobs\\\\SendSMS\",\"job\":\"Illuminate\\\\Queue\\\\CallQueuedHandler@call\",\"maxTries\":null,\"maxExceptions\":null,\"failOnTimeout\":false,\"backoff\":null,\"timeout\":null,\"retryUntil\":null,\"data\":{\"commandName\":\"App\\\\Jobs\\\\SendSMS\",\"command\":\"O:16:\\\"App\\\\Jobs\\\\SendSMS\\\":14:{s:24:\\\"\\u0000*\\u0000smsTemplateRepository\\\";N;s:8:\\\"\\u0000*\\u0000event\\\";s:11:\\\"New Invoice\\\";s:13:\\\"\\u0000*\\u0000notifiable\\\";O:45:\\\"Illuminate\\\\Contracts\\\\Database\\\\ModelIdentifier\\\":4:{s:5:\\\"class\\\";s:17:\\\"App\\\\Models\\\\Tenant\\\";s:2:\\\"id\\\";s:36:\\\"eb52ab0d-722e-4cba-82d9-a8c84f008b98\\\";s:9:\\\"relations\\\";a:0:{}s:10:\\\"connection\\\";s:5:\\\"mysql\\\";}s:7:\\\"\\u0000*\\u0000data\\\";O:45:\\\"Illuminate\\\\Contracts\\\\Database\\\\ModelIdentifier\\\":4:{s:5:\\\"class\\\";s:18:\\\"App\\\\Models\\\\Invoice\\\";s:2:\\\"id\\\";s:36:\\\"261f3bb3-2f2b-491b-8ec6-369b839a1f58\\\";s:9:\\\"relations\\\";a:0:{}s:10:\\\"connection\\\";s:5:\\\"mysql\\\";}s:3:\\\"job\\\";N;s:10:\\\"connection\\\";N;s:5:\\\"queue\\\";N;s:15:\\\"chainConnection\\\";N;s:10:\\\"chainQueue\\\";N;s:19:\\\"chainCatchCallbacks\\\";N;s:5:\\\"delay\\\";N;s:11:\\\"afterCommit\\\";b:1;s:10:\\\"middleware\\\";a:0:{}s:7:\\\"chained\\\";a:0:{}}\"}}', 0, NULL, 1650705241, 1650705241),
(9, 'default', '{\"uuid\":\"155ac369-2d9b-44e6-8216-cd40e3b89f3b\",\"displayName\":\"App\\\\Notifications\\\\Email\\\\SendEmail\",\"job\":\"Illuminate\\\\Queue\\\\CallQueuedHandler@call\",\"maxTries\":null,\"maxExceptions\":null,\"failOnTimeout\":false,\"backoff\":null,\"timeout\":null,\"retryUntil\":null,\"data\":{\"commandName\":\"Illuminate\\\\Notifications\\\\SendQueuedNotifications\",\"command\":\"O:48:\\\"Illuminate\\\\Notifications\\\\SendQueuedNotifications\\\":16:{s:11:\\\"notifiables\\\";O:45:\\\"Illuminate\\\\Contracts\\\\Database\\\\ModelIdentifier\\\":4:{s:5:\\\"class\\\";s:19:\\\"App\\\\Models\\\\Landlord\\\";s:2:\\\"id\\\";a:1:{i:0;s:36:\\\"b5096940-02ab-4bed-9721-0e3ffb60fb0e\\\";}s:9:\\\"relations\\\";a:0:{}s:10:\\\"connection\\\";s:5:\\\"mysql\\\";}s:12:\\\"notification\\\";O:33:\\\"App\\\\Notifications\\\\Email\\\\SendEmail\\\":13:{s:47:\\\"\\u0000App\\\\Notifications\\\\Email\\\\SendEmail\\u0000templateName\\\";s:9:\\\"New Lease\\\";s:39:\\\"\\u0000App\\\\Notifications\\\\Email\\\\SendEmail\\u0000data\\\";O:45:\\\"Illuminate\\\\Contracts\\\\Database\\\\ModelIdentifier\\\":4:{s:5:\\\"class\\\";s:16:\\\"App\\\\Models\\\\Lease\\\";s:2:\\\"id\\\";s:36:\\\"55ebd3bd-5af1-42d0-875b-5d61eb3fe526\\\";s:9:\\\"relations\\\";a:0:{}s:10:\\\"connection\\\";s:5:\\\"mysql\\\";}s:2:\\\"id\\\";s:36:\\\"dc9f4fc0-56f5-4593-b049-c9ff4d972095\\\";s:6:\\\"locale\\\";N;s:10:\\\"connection\\\";N;s:5:\\\"queue\\\";N;s:15:\\\"chainConnection\\\";N;s:10:\\\"chainQueue\\\";N;s:19:\\\"chainCatchCallbacks\\\";N;s:5:\\\"delay\\\";N;s:11:\\\"afterCommit\\\";b:1;s:10:\\\"middleware\\\";a:0:{}s:7:\\\"chained\\\";a:0:{}}s:8:\\\"channels\\\";a:1:{i:0;s:4:\\\"mail\\\";}s:5:\\\"tries\\\";N;s:7:\\\"timeout\\\";N;s:17:\\\"shouldBeEncrypted\\\";b:0;s:3:\\\"job\\\";N;s:10:\\\"connection\\\";N;s:5:\\\"queue\\\";N;s:15:\\\"chainConnection\\\";N;s:10:\\\"chainQueue\\\";N;s:19:\\\"chainCatchCallbacks\\\";N;s:5:\\\"delay\\\";N;s:11:\\\"afterCommit\\\";b:1;s:10:\\\"middleware\\\";a:0:{}s:7:\\\"chained\\\";a:0:{}}\"}}', 0, NULL, 1650705241, 1650705241),
(10, 'default', '{\"uuid\":\"ab325daf-8ea1-49c3-9a17-a1437e97a0ef\",\"displayName\":\"App\\\\Jobs\\\\SendSMS\",\"job\":\"Illuminate\\\\Queue\\\\CallQueuedHandler@call\",\"maxTries\":null,\"maxExceptions\":null,\"failOnTimeout\":false,\"backoff\":null,\"timeout\":null,\"retryUntil\":null,\"data\":{\"commandName\":\"App\\\\Jobs\\\\SendSMS\",\"command\":\"O:16:\\\"App\\\\Jobs\\\\SendSMS\\\":14:{s:24:\\\"\\u0000*\\u0000smsTemplateRepository\\\";N;s:8:\\\"\\u0000*\\u0000event\\\";s:9:\\\"New Lease\\\";s:13:\\\"\\u0000*\\u0000notifiable\\\";O:45:\\\"Illuminate\\\\Contracts\\\\Database\\\\ModelIdentifier\\\":4:{s:5:\\\"class\\\";s:19:\\\"App\\\\Models\\\\Landlord\\\";s:2:\\\"id\\\";s:36:\\\"b5096940-02ab-4bed-9721-0e3ffb60fb0e\\\";s:9:\\\"relations\\\";a:0:{}s:10:\\\"connection\\\";s:5:\\\"mysql\\\";}s:7:\\\"\\u0000*\\u0000data\\\";O:45:\\\"Illuminate\\\\Contracts\\\\Database\\\\ModelIdentifier\\\":4:{s:5:\\\"class\\\";s:16:\\\"App\\\\Models\\\\Lease\\\";s:2:\\\"id\\\";s:36:\\\"55ebd3bd-5af1-42d0-875b-5d61eb3fe526\\\";s:9:\\\"relations\\\";a:0:{}s:10:\\\"connection\\\";s:5:\\\"mysql\\\";}s:3:\\\"job\\\";N;s:10:\\\"connection\\\";N;s:5:\\\"queue\\\";N;s:15:\\\"chainConnection\\\";N;s:10:\\\"chainQueue\\\";N;s:19:\\\"chainCatchCallbacks\\\";N;s:5:\\\"delay\\\";N;s:11:\\\"afterCommit\\\";b:1;s:10:\\\"middleware\\\";a:0:{}s:7:\\\"chained\\\";a:0:{}}\"}}', 0, NULL, 1650705241, 1650705241),
(11, 'default', '{\"uuid\":\"390bb92a-848f-4d1c-ad3c-6ada96fb432d\",\"displayName\":\"App\\\\Notifications\\\\Email\\\\SendEmail\",\"job\":\"Illuminate\\\\Queue\\\\CallQueuedHandler@call\",\"maxTries\":null,\"maxExceptions\":null,\"failOnTimeout\":false,\"backoff\":null,\"timeout\":null,\"retryUntil\":null,\"data\":{\"commandName\":\"Illuminate\\\\Notifications\\\\SendQueuedNotifications\",\"command\":\"O:48:\\\"Illuminate\\\\Notifications\\\\SendQueuedNotifications\\\":16:{s:11:\\\"notifiables\\\";O:29:\\\"Illuminate\\\\Support\\\\Collection\\\":2:{s:8:\\\"\\u0000*\\u0000items\\\";a:0:{}s:28:\\\"\\u0000*\\u0000escapeWhenCastingToString\\\";b:0;}s:12:\\\"notification\\\";O:33:\\\"App\\\\Notifications\\\\Email\\\\SendEmail\\\":13:{s:47:\\\"\\u0000App\\\\Notifications\\\\Email\\\\SendEmail\\u0000templateName\\\";s:12:\\\"New Property\\\";s:39:\\\"\\u0000App\\\\Notifications\\\\Email\\\\SendEmail\\u0000data\\\";O:45:\\\"Illuminate\\\\Contracts\\\\Database\\\\ModelIdentifier\\\":4:{s:5:\\\"class\\\";s:19:\\\"App\\\\Models\\\\Property\\\";s:2:\\\"id\\\";s:36:\\\"70c585ed-283d-40dc-9456-023cc03175da\\\";s:9:\\\"relations\\\";a:0:{}s:10:\\\"connection\\\";s:5:\\\"mysql\\\";}s:2:\\\"id\\\";s:36:\\\"b5001661-55a3-44f0-b90c-d16b75c3e101\\\";s:6:\\\"locale\\\";N;s:10:\\\"connection\\\";N;s:5:\\\"queue\\\";N;s:15:\\\"chainConnection\\\";N;s:10:\\\"chainQueue\\\";N;s:19:\\\"chainCatchCallbacks\\\";N;s:5:\\\"delay\\\";N;s:11:\\\"afterCommit\\\";b:1;s:10:\\\"middleware\\\";a:0:{}s:7:\\\"chained\\\";a:0:{}}s:8:\\\"channels\\\";a:1:{i:0;s:4:\\\"mail\\\";}s:5:\\\"tries\\\";N;s:7:\\\"timeout\\\";N;s:17:\\\"shouldBeEncrypted\\\";b:0;s:3:\\\"job\\\";N;s:10:\\\"connection\\\";N;s:5:\\\"queue\\\";N;s:15:\\\"chainConnection\\\";N;s:10:\\\"chainQueue\\\";N;s:19:\\\"chainCatchCallbacks\\\";N;s:5:\\\"delay\\\";N;s:11:\\\"afterCommit\\\";b:1;s:10:\\\"middleware\\\";a:0:{}s:7:\\\"chained\\\";a:0:{}}\"}}', 0, NULL, 1652045465, 1652045465),
(12, 'default', '{\"uuid\":\"0c9a996e-5f0d-4aa7-9e32-898472beddb8\",\"displayName\":\"App\\\\Jobs\\\\SendSMS\",\"job\":\"Illuminate\\\\Queue\\\\CallQueuedHandler@call\",\"maxTries\":null,\"maxExceptions\":null,\"failOnTimeout\":false,\"backoff\":null,\"timeout\":null,\"retryUntil\":null,\"data\":{\"commandName\":\"App\\\\Jobs\\\\SendSMS\",\"command\":\"O:16:\\\"App\\\\Jobs\\\\SendSMS\\\":14:{s:24:\\\"\\u0000*\\u0000smsTemplateRepository\\\";N;s:8:\\\"\\u0000*\\u0000event\\\";s:12:\\\"New Property\\\";s:13:\\\"\\u0000*\\u0000notifiable\\\";N;s:7:\\\"\\u0000*\\u0000data\\\";O:45:\\\"Illuminate\\\\Contracts\\\\Database\\\\ModelIdentifier\\\":4:{s:5:\\\"class\\\";s:19:\\\"App\\\\Models\\\\Property\\\";s:2:\\\"id\\\";s:36:\\\"70c585ed-283d-40dc-9456-023cc03175da\\\";s:9:\\\"relations\\\";a:0:{}s:10:\\\"connection\\\";s:5:\\\"mysql\\\";}s:3:\\\"job\\\";N;s:10:\\\"connection\\\";N;s:5:\\\"queue\\\";N;s:15:\\\"chainConnection\\\";N;s:10:\\\"chainQueue\\\";N;s:19:\\\"chainCatchCallbacks\\\";N;s:5:\\\"delay\\\";N;s:11:\\\"afterCommit\\\";b:1;s:10:\\\"middleware\\\";a:0:{}s:7:\\\"chained\\\";a:0:{}}\"}}', 0, NULL, 1652045465, 1652045465),
(13, 'default', '{\"uuid\":\"bb94268b-c1d7-433e-942f-dfd03243598d\",\"displayName\":\"App\\\\Notifications\\\\Email\\\\SendEmail\",\"job\":\"Illuminate\\\\Queue\\\\CallQueuedHandler@call\",\"maxTries\":null,\"maxExceptions\":null,\"failOnTimeout\":false,\"backoff\":null,\"timeout\":null,\"retryUntil\":null,\"data\":{\"commandName\":\"Illuminate\\\\Notifications\\\\SendQueuedNotifications\",\"command\":\"O:48:\\\"Illuminate\\\\Notifications\\\\SendQueuedNotifications\\\":16:{s:11:\\\"notifiables\\\";O:29:\\\"Illuminate\\\\Support\\\\Collection\\\":2:{s:8:\\\"\\u0000*\\u0000items\\\";a:0:{}s:28:\\\"\\u0000*\\u0000escapeWhenCastingToString\\\";b:0;}s:12:\\\"notification\\\";O:33:\\\"App\\\\Notifications\\\\Email\\\\SendEmail\\\":13:{s:47:\\\"\\u0000App\\\\Notifications\\\\Email\\\\SendEmail\\u0000templateName\\\";s:12:\\\"New Property\\\";s:39:\\\"\\u0000App\\\\Notifications\\\\Email\\\\SendEmail\\u0000data\\\";O:45:\\\"Illuminate\\\\Contracts\\\\Database\\\\ModelIdentifier\\\":4:{s:5:\\\"class\\\";s:19:\\\"App\\\\Models\\\\Property\\\";s:2:\\\"id\\\";s:36:\\\"af3b9ea0-64e9-4d9a-bbfa-39975b87c034\\\";s:9:\\\"relations\\\";a:0:{}s:10:\\\"connection\\\";s:5:\\\"mysql\\\";}s:2:\\\"id\\\";s:36:\\\"ba1a252d-f5f6-4aff-adb2-991d53964e5c\\\";s:6:\\\"locale\\\";N;s:10:\\\"connection\\\";N;s:5:\\\"queue\\\";N;s:15:\\\"chainConnection\\\";N;s:10:\\\"chainQueue\\\";N;s:19:\\\"chainCatchCallbacks\\\";N;s:5:\\\"delay\\\";N;s:11:\\\"afterCommit\\\";b:1;s:10:\\\"middleware\\\";a:0:{}s:7:\\\"chained\\\";a:0:{}}s:8:\\\"channels\\\";a:1:{i:0;s:4:\\\"mail\\\";}s:5:\\\"tries\\\";N;s:7:\\\"timeout\\\";N;s:17:\\\"shouldBeEncrypted\\\";b:0;s:3:\\\"job\\\";N;s:10:\\\"connection\\\";N;s:5:\\\"queue\\\";N;s:15:\\\"chainConnection\\\";N;s:10:\\\"chainQueue\\\";N;s:19:\\\"chainCatchCallbacks\\\";N;s:5:\\\"delay\\\";N;s:11:\\\"afterCommit\\\";b:1;s:10:\\\"middleware\\\";a:0:{}s:7:\\\"chained\\\";a:0:{}}\"}}', 0, NULL, 1652046074, 1652046074),
(14, 'default', '{\"uuid\":\"f8feb36b-1eb2-44c1-b624-1a394def32c8\",\"displayName\":\"App\\\\Jobs\\\\SendSMS\",\"job\":\"Illuminate\\\\Queue\\\\CallQueuedHandler@call\",\"maxTries\":null,\"maxExceptions\":null,\"failOnTimeout\":false,\"backoff\":null,\"timeout\":null,\"retryUntil\":null,\"data\":{\"commandName\":\"App\\\\Jobs\\\\SendSMS\",\"command\":\"O:16:\\\"App\\\\Jobs\\\\SendSMS\\\":14:{s:24:\\\"\\u0000*\\u0000smsTemplateRepository\\\";N;s:8:\\\"\\u0000*\\u0000event\\\";s:12:\\\"New Property\\\";s:13:\\\"\\u0000*\\u0000notifiable\\\";N;s:7:\\\"\\u0000*\\u0000data\\\";O:45:\\\"Illuminate\\\\Contracts\\\\Database\\\\ModelIdentifier\\\":4:{s:5:\\\"class\\\";s:19:\\\"App\\\\Models\\\\Property\\\";s:2:\\\"id\\\";s:36:\\\"af3b9ea0-64e9-4d9a-bbfa-39975b87c034\\\";s:9:\\\"relations\\\";a:0:{}s:10:\\\"connection\\\";s:5:\\\"mysql\\\";}s:3:\\\"job\\\";N;s:10:\\\"connection\\\";N;s:5:\\\"queue\\\";N;s:15:\\\"chainConnection\\\";N;s:10:\\\"chainQueue\\\";N;s:19:\\\"chainCatchCallbacks\\\";N;s:5:\\\"delay\\\";N;s:11:\\\"afterCommit\\\";b:1;s:10:\\\"middleware\\\";a:0:{}s:7:\\\"chained\\\";a:0:{}}\"}}', 0, NULL, 1652046074, 1652046074),
(15, 'default', '{\"uuid\":\"bae6dd79-bbf1-44d8-9740-6cc38ae36afa\",\"displayName\":\"App\\\\Notifications\\\\Email\\\\SendEmail\",\"job\":\"Illuminate\\\\Queue\\\\CallQueuedHandler@call\",\"maxTries\":null,\"maxExceptions\":null,\"failOnTimeout\":false,\"backoff\":null,\"timeout\":null,\"retryUntil\":null,\"data\":{\"commandName\":\"Illuminate\\\\Notifications\\\\SendQueuedNotifications\",\"command\":\"O:48:\\\"Illuminate\\\\Notifications\\\\SendQueuedNotifications\\\":16:{s:11:\\\"notifiables\\\";O:29:\\\"Illuminate\\\\Support\\\\Collection\\\":2:{s:8:\\\"\\u0000*\\u0000items\\\";a:0:{}s:28:\\\"\\u0000*\\u0000escapeWhenCastingToString\\\";b:0;}s:12:\\\"notification\\\";O:33:\\\"App\\\\Notifications\\\\Email\\\\SendEmail\\\":13:{s:47:\\\"\\u0000App\\\\Notifications\\\\Email\\\\SendEmail\\u0000templateName\\\";s:12:\\\"New Property\\\";s:39:\\\"\\u0000App\\\\Notifications\\\\Email\\\\SendEmail\\u0000data\\\";O:45:\\\"Illuminate\\\\Contracts\\\\Database\\\\ModelIdentifier\\\":4:{s:5:\\\"class\\\";s:19:\\\"App\\\\Models\\\\Property\\\";s:2:\\\"id\\\";s:36:\\\"00a41ec2-615f-4037-bdd9-81543150b132\\\";s:9:\\\"relations\\\";a:0:{}s:10:\\\"connection\\\";s:5:\\\"mysql\\\";}s:2:\\\"id\\\";s:36:\\\"037698fc-db67-4929-8920-573839cde22c\\\";s:6:\\\"locale\\\";N;s:10:\\\"connection\\\";N;s:5:\\\"queue\\\";N;s:15:\\\"chainConnection\\\";N;s:10:\\\"chainQueue\\\";N;s:19:\\\"chainCatchCallbacks\\\";N;s:5:\\\"delay\\\";N;s:11:\\\"afterCommit\\\";b:1;s:10:\\\"middleware\\\";a:0:{}s:7:\\\"chained\\\";a:0:{}}s:8:\\\"channels\\\";a:1:{i:0;s:4:\\\"mail\\\";}s:5:\\\"tries\\\";N;s:7:\\\"timeout\\\";N;s:17:\\\"shouldBeEncrypted\\\";b:0;s:3:\\\"job\\\";N;s:10:\\\"connection\\\";N;s:5:\\\"queue\\\";N;s:15:\\\"chainConnection\\\";N;s:10:\\\"chainQueue\\\";N;s:19:\\\"chainCatchCallbacks\\\";N;s:5:\\\"delay\\\";N;s:11:\\\"afterCommit\\\";b:1;s:10:\\\"middleware\\\";a:0:{}s:7:\\\"chained\\\";a:0:{}}\"}}', 0, NULL, 1652046080, 1652046080);
INSERT INTO `jobs` (`id`, `queue`, `payload`, `attempts`, `reserved_at`, `available_at`, `created_at`) VALUES
(16, 'default', '{\"uuid\":\"24c5e3b7-ca47-4bec-8b81-bae02dbe5ded\",\"displayName\":\"App\\\\Jobs\\\\SendSMS\",\"job\":\"Illuminate\\\\Queue\\\\CallQueuedHandler@call\",\"maxTries\":null,\"maxExceptions\":null,\"failOnTimeout\":false,\"backoff\":null,\"timeout\":null,\"retryUntil\":null,\"data\":{\"commandName\":\"App\\\\Jobs\\\\SendSMS\",\"command\":\"O:16:\\\"App\\\\Jobs\\\\SendSMS\\\":14:{s:24:\\\"\\u0000*\\u0000smsTemplateRepository\\\";N;s:8:\\\"\\u0000*\\u0000event\\\";s:12:\\\"New Property\\\";s:13:\\\"\\u0000*\\u0000notifiable\\\";N;s:7:\\\"\\u0000*\\u0000data\\\";O:45:\\\"Illuminate\\\\Contracts\\\\Database\\\\ModelIdentifier\\\":4:{s:5:\\\"class\\\";s:19:\\\"App\\\\Models\\\\Property\\\";s:2:\\\"id\\\";s:36:\\\"00a41ec2-615f-4037-bdd9-81543150b132\\\";s:9:\\\"relations\\\";a:0:{}s:10:\\\"connection\\\";s:5:\\\"mysql\\\";}s:3:\\\"job\\\";N;s:10:\\\"connection\\\";N;s:5:\\\"queue\\\";N;s:15:\\\"chainConnection\\\";N;s:10:\\\"chainQueue\\\";N;s:19:\\\"chainCatchCallbacks\\\";N;s:5:\\\"delay\\\";N;s:11:\\\"afterCommit\\\";b:1;s:10:\\\"middleware\\\";a:0:{}s:7:\\\"chained\\\";a:0:{}}\"}}', 0, NULL, 1652046080, 1652046080),
(17, 'default', '{\"uuid\":\"01a5e094-74fb-49fb-84de-c5da6b1d341f\",\"displayName\":\"App\\\\Notifications\\\\Email\\\\SendEmail\",\"job\":\"Illuminate\\\\Queue\\\\CallQueuedHandler@call\",\"maxTries\":null,\"maxExceptions\":null,\"failOnTimeout\":false,\"backoff\":null,\"timeout\":null,\"retryUntil\":null,\"data\":{\"commandName\":\"Illuminate\\\\Notifications\\\\SendQueuedNotifications\",\"command\":\"O:48:\\\"Illuminate\\\\Notifications\\\\SendQueuedNotifications\\\":16:{s:11:\\\"notifiables\\\";O:29:\\\"Illuminate\\\\Support\\\\Collection\\\":2:{s:8:\\\"\\u0000*\\u0000items\\\";a:0:{}s:28:\\\"\\u0000*\\u0000escapeWhenCastingToString\\\";b:0;}s:12:\\\"notification\\\";O:33:\\\"App\\\\Notifications\\\\Email\\\\SendEmail\\\":13:{s:47:\\\"\\u0000App\\\\Notifications\\\\Email\\\\SendEmail\\u0000templateName\\\";s:12:\\\"New Property\\\";s:39:\\\"\\u0000App\\\\Notifications\\\\Email\\\\SendEmail\\u0000data\\\";O:45:\\\"Illuminate\\\\Contracts\\\\Database\\\\ModelIdentifier\\\":4:{s:5:\\\"class\\\";s:19:\\\"App\\\\Models\\\\Property\\\";s:2:\\\"id\\\";s:36:\\\"34fa71b8-f28a-4806-9a2e-21ce2fadfbbd\\\";s:9:\\\"relations\\\";a:0:{}s:10:\\\"connection\\\";s:5:\\\"mysql\\\";}s:2:\\\"id\\\";s:36:\\\"cf38c371-aff1-4c7b-a6e3-6b08a6ec5a02\\\";s:6:\\\"locale\\\";N;s:10:\\\"connection\\\";N;s:5:\\\"queue\\\";N;s:15:\\\"chainConnection\\\";N;s:10:\\\"chainQueue\\\";N;s:19:\\\"chainCatchCallbacks\\\";N;s:5:\\\"delay\\\";N;s:11:\\\"afterCommit\\\";b:1;s:10:\\\"middleware\\\";a:0:{}s:7:\\\"chained\\\";a:0:{}}s:8:\\\"channels\\\";a:1:{i:0;s:4:\\\"mail\\\";}s:5:\\\"tries\\\";N;s:7:\\\"timeout\\\";N;s:17:\\\"shouldBeEncrypted\\\";b:0;s:3:\\\"job\\\";N;s:10:\\\"connection\\\";N;s:5:\\\"queue\\\";N;s:15:\\\"chainConnection\\\";N;s:10:\\\"chainQueue\\\";N;s:19:\\\"chainCatchCallbacks\\\";N;s:5:\\\"delay\\\";N;s:11:\\\"afterCommit\\\";b:1;s:10:\\\"middleware\\\";a:0:{}s:7:\\\"chained\\\";a:0:{}}\"}}', 0, NULL, 1652046102, 1652046102),
(18, 'default', '{\"uuid\":\"c9342d31-b96d-40f9-ad09-ee7f4346dfcb\",\"displayName\":\"App\\\\Jobs\\\\SendSMS\",\"job\":\"Illuminate\\\\Queue\\\\CallQueuedHandler@call\",\"maxTries\":null,\"maxExceptions\":null,\"failOnTimeout\":false,\"backoff\":null,\"timeout\":null,\"retryUntil\":null,\"data\":{\"commandName\":\"App\\\\Jobs\\\\SendSMS\",\"command\":\"O:16:\\\"App\\\\Jobs\\\\SendSMS\\\":14:{s:24:\\\"\\u0000*\\u0000smsTemplateRepository\\\";N;s:8:\\\"\\u0000*\\u0000event\\\";s:12:\\\"New Property\\\";s:13:\\\"\\u0000*\\u0000notifiable\\\";N;s:7:\\\"\\u0000*\\u0000data\\\";O:45:\\\"Illuminate\\\\Contracts\\\\Database\\\\ModelIdentifier\\\":4:{s:5:\\\"class\\\";s:19:\\\"App\\\\Models\\\\Property\\\";s:2:\\\"id\\\";s:36:\\\"34fa71b8-f28a-4806-9a2e-21ce2fadfbbd\\\";s:9:\\\"relations\\\";a:0:{}s:10:\\\"connection\\\";s:5:\\\"mysql\\\";}s:3:\\\"job\\\";N;s:10:\\\"connection\\\";N;s:5:\\\"queue\\\";N;s:15:\\\"chainConnection\\\";N;s:10:\\\"chainQueue\\\";N;s:19:\\\"chainCatchCallbacks\\\";N;s:5:\\\"delay\\\";N;s:11:\\\"afterCommit\\\";b:1;s:10:\\\"middleware\\\";a:0:{}s:7:\\\"chained\\\";a:0:{}}\"}}', 0, NULL, 1652046102, 1652046102),
(19, 'default', '{\"uuid\":\"6f1ce971-0995-452f-bf1c-2f28240e5933\",\"displayName\":\"App\\\\Notifications\\\\Email\\\\SendEmail\",\"job\":\"Illuminate\\\\Queue\\\\CallQueuedHandler@call\",\"maxTries\":null,\"maxExceptions\":null,\"failOnTimeout\":false,\"backoff\":null,\"timeout\":null,\"retryUntil\":null,\"data\":{\"commandName\":\"Illuminate\\\\Notifications\\\\SendQueuedNotifications\",\"command\":\"O:48:\\\"Illuminate\\\\Notifications\\\\SendQueuedNotifications\\\":16:{s:11:\\\"notifiables\\\";O:29:\\\"Illuminate\\\\Support\\\\Collection\\\":2:{s:8:\\\"\\u0000*\\u0000items\\\";a:0:{}s:28:\\\"\\u0000*\\u0000escapeWhenCastingToString\\\";b:0;}s:12:\\\"notification\\\";O:33:\\\"App\\\\Notifications\\\\Email\\\\SendEmail\\\":13:{s:47:\\\"\\u0000App\\\\Notifications\\\\Email\\\\SendEmail\\u0000templateName\\\";s:12:\\\"New Property\\\";s:39:\\\"\\u0000App\\\\Notifications\\\\Email\\\\SendEmail\\u0000data\\\";O:45:\\\"Illuminate\\\\Contracts\\\\Database\\\\ModelIdentifier\\\":4:{s:5:\\\"class\\\";s:19:\\\"App\\\\Models\\\\Property\\\";s:2:\\\"id\\\";s:36:\\\"eeececab-6b2c-4091-b935-50d977cb6f0e\\\";s:9:\\\"relations\\\";a:0:{}s:10:\\\"connection\\\";s:5:\\\"mysql\\\";}s:2:\\\"id\\\";s:36:\\\"1703ce8e-6260-4544-b1bd-1ed814669949\\\";s:6:\\\"locale\\\";N;s:10:\\\"connection\\\";N;s:5:\\\"queue\\\";N;s:15:\\\"chainConnection\\\";N;s:10:\\\"chainQueue\\\";N;s:19:\\\"chainCatchCallbacks\\\";N;s:5:\\\"delay\\\";N;s:11:\\\"afterCommit\\\";b:1;s:10:\\\"middleware\\\";a:0:{}s:7:\\\"chained\\\";a:0:{}}s:8:\\\"channels\\\";a:1:{i:0;s:4:\\\"mail\\\";}s:5:\\\"tries\\\";N;s:7:\\\"timeout\\\";N;s:17:\\\"shouldBeEncrypted\\\";b:0;s:3:\\\"job\\\";N;s:10:\\\"connection\\\";N;s:5:\\\"queue\\\";N;s:15:\\\"chainConnection\\\";N;s:10:\\\"chainQueue\\\";N;s:19:\\\"chainCatchCallbacks\\\";N;s:5:\\\"delay\\\";N;s:11:\\\"afterCommit\\\";b:1;s:10:\\\"middleware\\\";a:0:{}s:7:\\\"chained\\\";a:0:{}}\"}}', 0, NULL, 1652130697, 1652130697),
(20, 'default', '{\"uuid\":\"7c60c6a0-7d80-4c22-a715-788a75dc1bbb\",\"displayName\":\"App\\\\Jobs\\\\SendSMS\",\"job\":\"Illuminate\\\\Queue\\\\CallQueuedHandler@call\",\"maxTries\":null,\"maxExceptions\":null,\"failOnTimeout\":false,\"backoff\":null,\"timeout\":null,\"retryUntil\":null,\"data\":{\"commandName\":\"App\\\\Jobs\\\\SendSMS\",\"command\":\"O:16:\\\"App\\\\Jobs\\\\SendSMS\\\":14:{s:24:\\\"\\u0000*\\u0000smsTemplateRepository\\\";N;s:8:\\\"\\u0000*\\u0000event\\\";s:12:\\\"New Property\\\";s:13:\\\"\\u0000*\\u0000notifiable\\\";N;s:7:\\\"\\u0000*\\u0000data\\\";O:45:\\\"Illuminate\\\\Contracts\\\\Database\\\\ModelIdentifier\\\":4:{s:5:\\\"class\\\";s:19:\\\"App\\\\Models\\\\Property\\\";s:2:\\\"id\\\";s:36:\\\"eeececab-6b2c-4091-b935-50d977cb6f0e\\\";s:9:\\\"relations\\\";a:0:{}s:10:\\\"connection\\\";s:5:\\\"mysql\\\";}s:3:\\\"job\\\";N;s:10:\\\"connection\\\";N;s:5:\\\"queue\\\";N;s:15:\\\"chainConnection\\\";N;s:10:\\\"chainQueue\\\";N;s:19:\\\"chainCatchCallbacks\\\";N;s:5:\\\"delay\\\";N;s:11:\\\"afterCommit\\\";b:1;s:10:\\\"middleware\\\";a:0:{}s:7:\\\"chained\\\";a:0:{}}\"}}', 0, NULL, 1652130697, 1652130697),
(21, 'default', '{\"uuid\":\"1284759f-ddf0-43c7-85e3-8d917809eb03\",\"displayName\":\"App\\\\Notifications\\\\Email\\\\SendEmail\",\"job\":\"Illuminate\\\\Queue\\\\CallQueuedHandler@call\",\"maxTries\":null,\"maxExceptions\":null,\"failOnTimeout\":false,\"backoff\":null,\"timeout\":null,\"retryUntil\":null,\"data\":{\"commandName\":\"Illuminate\\\\Notifications\\\\SendQueuedNotifications\",\"command\":\"O:48:\\\"Illuminate\\\\Notifications\\\\SendQueuedNotifications\\\":16:{s:11:\\\"notifiables\\\";O:29:\\\"Illuminate\\\\Support\\\\Collection\\\":2:{s:8:\\\"\\u0000*\\u0000items\\\";a:0:{}s:28:\\\"\\u0000*\\u0000escapeWhenCastingToString\\\";b:0;}s:12:\\\"notification\\\";O:33:\\\"App\\\\Notifications\\\\Email\\\\SendEmail\\\":13:{s:47:\\\"\\u0000App\\\\Notifications\\\\Email\\\\SendEmail\\u0000templateName\\\";s:12:\\\"New Property\\\";s:39:\\\"\\u0000App\\\\Notifications\\\\Email\\\\SendEmail\\u0000data\\\";O:45:\\\"Illuminate\\\\Contracts\\\\Database\\\\ModelIdentifier\\\":4:{s:5:\\\"class\\\";s:19:\\\"App\\\\Models\\\\Property\\\";s:2:\\\"id\\\";s:36:\\\"e19d2319-8fe8-467d-a19e-9528acaa2656\\\";s:9:\\\"relations\\\";a:0:{}s:10:\\\"connection\\\";s:5:\\\"mysql\\\";}s:2:\\\"id\\\";s:36:\\\"3b191f9a-73f2-40b5-8c8d-cb2379e30509\\\";s:6:\\\"locale\\\";N;s:10:\\\"connection\\\";N;s:5:\\\"queue\\\";N;s:15:\\\"chainConnection\\\";N;s:10:\\\"chainQueue\\\";N;s:19:\\\"chainCatchCallbacks\\\";N;s:5:\\\"delay\\\";N;s:11:\\\"afterCommit\\\";b:1;s:10:\\\"middleware\\\";a:0:{}s:7:\\\"chained\\\";a:0:{}}s:8:\\\"channels\\\";a:1:{i:0;s:4:\\\"mail\\\";}s:5:\\\"tries\\\";N;s:7:\\\"timeout\\\";N;s:17:\\\"shouldBeEncrypted\\\";b:0;s:3:\\\"job\\\";N;s:10:\\\"connection\\\";N;s:5:\\\"queue\\\";N;s:15:\\\"chainConnection\\\";N;s:10:\\\"chainQueue\\\";N;s:19:\\\"chainCatchCallbacks\\\";N;s:5:\\\"delay\\\";N;s:11:\\\"afterCommit\\\";b:1;s:10:\\\"middleware\\\";a:0:{}s:7:\\\"chained\\\";a:0:{}}\"}}', 0, NULL, 1652131611, 1652131611),
(22, 'default', '{\"uuid\":\"bc2e607c-be89-4c2e-b8e6-cb8f307c56d6\",\"displayName\":\"App\\\\Jobs\\\\SendSMS\",\"job\":\"Illuminate\\\\Queue\\\\CallQueuedHandler@call\",\"maxTries\":null,\"maxExceptions\":null,\"failOnTimeout\":false,\"backoff\":null,\"timeout\":null,\"retryUntil\":null,\"data\":{\"commandName\":\"App\\\\Jobs\\\\SendSMS\",\"command\":\"O:16:\\\"App\\\\Jobs\\\\SendSMS\\\":14:{s:24:\\\"\\u0000*\\u0000smsTemplateRepository\\\";N;s:8:\\\"\\u0000*\\u0000event\\\";s:12:\\\"New Property\\\";s:13:\\\"\\u0000*\\u0000notifiable\\\";N;s:7:\\\"\\u0000*\\u0000data\\\";O:45:\\\"Illuminate\\\\Contracts\\\\Database\\\\ModelIdentifier\\\":4:{s:5:\\\"class\\\";s:19:\\\"App\\\\Models\\\\Property\\\";s:2:\\\"id\\\";s:36:\\\"e19d2319-8fe8-467d-a19e-9528acaa2656\\\";s:9:\\\"relations\\\";a:0:{}s:10:\\\"connection\\\";s:5:\\\"mysql\\\";}s:3:\\\"job\\\";N;s:10:\\\"connection\\\";N;s:5:\\\"queue\\\";N;s:15:\\\"chainConnection\\\";N;s:10:\\\"chainQueue\\\";N;s:19:\\\"chainCatchCallbacks\\\";N;s:5:\\\"delay\\\";N;s:11:\\\"afterCommit\\\";b:1;s:10:\\\"middleware\\\";a:0:{}s:7:\\\"chained\\\";a:0:{}}\"}}', 0, NULL, 1652131612, 1652131612),
(23, 'default', '{\"uuid\":\"381a9c0f-f959-45d1-96b3-31216b66bdfa\",\"displayName\":\"App\\\\Notifications\\\\Email\\\\SendEmail\",\"job\":\"Illuminate\\\\Queue\\\\CallQueuedHandler@call\",\"maxTries\":null,\"maxExceptions\":null,\"failOnTimeout\":false,\"backoff\":null,\"timeout\":null,\"retryUntil\":null,\"data\":{\"commandName\":\"Illuminate\\\\Notifications\\\\SendQueuedNotifications\",\"command\":\"O:48:\\\"Illuminate\\\\Notifications\\\\SendQueuedNotifications\\\":16:{s:11:\\\"notifiables\\\";O:29:\\\"Illuminate\\\\Support\\\\Collection\\\":2:{s:8:\\\"\\u0000*\\u0000items\\\";a:0:{}s:28:\\\"\\u0000*\\u0000escapeWhenCastingToString\\\";b:0;}s:12:\\\"notification\\\";O:33:\\\"App\\\\Notifications\\\\Email\\\\SendEmail\\\":13:{s:47:\\\"\\u0000App\\\\Notifications\\\\Email\\\\SendEmail\\u0000templateName\\\";s:12:\\\"New Property\\\";s:39:\\\"\\u0000App\\\\Notifications\\\\Email\\\\SendEmail\\u0000data\\\";O:45:\\\"Illuminate\\\\Contracts\\\\Database\\\\ModelIdentifier\\\":4:{s:5:\\\"class\\\";s:19:\\\"App\\\\Models\\\\Property\\\";s:2:\\\"id\\\";s:36:\\\"e913efb7-18d1-41d5-b83e-8c1c81c966b1\\\";s:9:\\\"relations\\\";a:0:{}s:10:\\\"connection\\\";s:5:\\\"mysql\\\";}s:2:\\\"id\\\";s:36:\\\"b40a3ced-452b-4cca-9d0a-a697ff7295ca\\\";s:6:\\\"locale\\\";N;s:10:\\\"connection\\\";N;s:5:\\\"queue\\\";N;s:15:\\\"chainConnection\\\";N;s:10:\\\"chainQueue\\\";N;s:19:\\\"chainCatchCallbacks\\\";N;s:5:\\\"delay\\\";N;s:11:\\\"afterCommit\\\";b:1;s:10:\\\"middleware\\\";a:0:{}s:7:\\\"chained\\\";a:0:{}}s:8:\\\"channels\\\";a:1:{i:0;s:4:\\\"mail\\\";}s:5:\\\"tries\\\";N;s:7:\\\"timeout\\\";N;s:17:\\\"shouldBeEncrypted\\\";b:0;s:3:\\\"job\\\";N;s:10:\\\"connection\\\";N;s:5:\\\"queue\\\";N;s:15:\\\"chainConnection\\\";N;s:10:\\\"chainQueue\\\";N;s:19:\\\"chainCatchCallbacks\\\";N;s:5:\\\"delay\\\";N;s:11:\\\"afterCommit\\\";b:1;s:10:\\\"middleware\\\";a:0:{}s:7:\\\"chained\\\";a:0:{}}\"}}', 0, NULL, 1652131686, 1652131686),
(24, 'default', '{\"uuid\":\"c7180315-21eb-438b-b9b3-71ec32d8064f\",\"displayName\":\"App\\\\Jobs\\\\SendSMS\",\"job\":\"Illuminate\\\\Queue\\\\CallQueuedHandler@call\",\"maxTries\":null,\"maxExceptions\":null,\"failOnTimeout\":false,\"backoff\":null,\"timeout\":null,\"retryUntil\":null,\"data\":{\"commandName\":\"App\\\\Jobs\\\\SendSMS\",\"command\":\"O:16:\\\"App\\\\Jobs\\\\SendSMS\\\":14:{s:24:\\\"\\u0000*\\u0000smsTemplateRepository\\\";N;s:8:\\\"\\u0000*\\u0000event\\\";s:12:\\\"New Property\\\";s:13:\\\"\\u0000*\\u0000notifiable\\\";N;s:7:\\\"\\u0000*\\u0000data\\\";O:45:\\\"Illuminate\\\\Contracts\\\\Database\\\\ModelIdentifier\\\":4:{s:5:\\\"class\\\";s:19:\\\"App\\\\Models\\\\Property\\\";s:2:\\\"id\\\";s:36:\\\"e913efb7-18d1-41d5-b83e-8c1c81c966b1\\\";s:9:\\\"relations\\\";a:0:{}s:10:\\\"connection\\\";s:5:\\\"mysql\\\";}s:3:\\\"job\\\";N;s:10:\\\"connection\\\";N;s:5:\\\"queue\\\";N;s:15:\\\"chainConnection\\\";N;s:10:\\\"chainQueue\\\";N;s:19:\\\"chainCatchCallbacks\\\";N;s:5:\\\"delay\\\";N;s:11:\\\"afterCommit\\\";b:1;s:10:\\\"middleware\\\";a:0:{}s:7:\\\"chained\\\";a:0:{}}\"}}', 0, NULL, 1652131686, 1652131686),
(25, 'default', '{\"uuid\":\"b07f73f1-6446-4a4a-902e-a4ea56db1daf\",\"displayName\":\"App\\\\Notifications\\\\Email\\\\SendEmail\",\"job\":\"Illuminate\\\\Queue\\\\CallQueuedHandler@call\",\"maxTries\":null,\"maxExceptions\":null,\"failOnTimeout\":false,\"backoff\":null,\"timeout\":null,\"retryUntil\":null,\"data\":{\"commandName\":\"Illuminate\\\\Notifications\\\\SendQueuedNotifications\",\"command\":\"O:48:\\\"Illuminate\\\\Notifications\\\\SendQueuedNotifications\\\":16:{s:11:\\\"notifiables\\\";O:29:\\\"Illuminate\\\\Support\\\\Collection\\\":2:{s:8:\\\"\\u0000*\\u0000items\\\";a:0:{}s:28:\\\"\\u0000*\\u0000escapeWhenCastingToString\\\";b:0;}s:12:\\\"notification\\\";O:33:\\\"App\\\\Notifications\\\\Email\\\\SendEmail\\\":13:{s:47:\\\"\\u0000App\\\\Notifications\\\\Email\\\\SendEmail\\u0000templateName\\\";s:12:\\\"New Property\\\";s:39:\\\"\\u0000App\\\\Notifications\\\\Email\\\\SendEmail\\u0000data\\\";O:45:\\\"Illuminate\\\\Contracts\\\\Database\\\\ModelIdentifier\\\":4:{s:5:\\\"class\\\";s:19:\\\"App\\\\Models\\\\Property\\\";s:2:\\\"id\\\";s:36:\\\"b4add206-efb2-4e45-955e-eef62915763a\\\";s:9:\\\"relations\\\";a:0:{}s:10:\\\"connection\\\";s:5:\\\"mysql\\\";}s:2:\\\"id\\\";s:36:\\\"42ea8b65-c806-4069-acf7-5d63652e9b66\\\";s:6:\\\"locale\\\";N;s:10:\\\"connection\\\";N;s:5:\\\"queue\\\";N;s:15:\\\"chainConnection\\\";N;s:10:\\\"chainQueue\\\";N;s:19:\\\"chainCatchCallbacks\\\";N;s:5:\\\"delay\\\";N;s:11:\\\"afterCommit\\\";b:1;s:10:\\\"middleware\\\";a:0:{}s:7:\\\"chained\\\";a:0:{}}s:8:\\\"channels\\\";a:1:{i:0;s:4:\\\"mail\\\";}s:5:\\\"tries\\\";N;s:7:\\\"timeout\\\";N;s:17:\\\"shouldBeEncrypted\\\";b:0;s:3:\\\"job\\\";N;s:10:\\\"connection\\\";N;s:5:\\\"queue\\\";N;s:15:\\\"chainConnection\\\";N;s:10:\\\"chainQueue\\\";N;s:19:\\\"chainCatchCallbacks\\\";N;s:5:\\\"delay\\\";N;s:11:\\\"afterCommit\\\";b:1;s:10:\\\"middleware\\\";a:0:{}s:7:\\\"chained\\\";a:0:{}}\"}}', 0, NULL, 1652131989, 1652131989),
(26, 'default', '{\"uuid\":\"e4c16107-8eca-4a51-b0ee-990c080b8064\",\"displayName\":\"App\\\\Jobs\\\\SendSMS\",\"job\":\"Illuminate\\\\Queue\\\\CallQueuedHandler@call\",\"maxTries\":null,\"maxExceptions\":null,\"failOnTimeout\":false,\"backoff\":null,\"timeout\":null,\"retryUntil\":null,\"data\":{\"commandName\":\"App\\\\Jobs\\\\SendSMS\",\"command\":\"O:16:\\\"App\\\\Jobs\\\\SendSMS\\\":14:{s:24:\\\"\\u0000*\\u0000smsTemplateRepository\\\";N;s:8:\\\"\\u0000*\\u0000event\\\";s:12:\\\"New Property\\\";s:13:\\\"\\u0000*\\u0000notifiable\\\";N;s:7:\\\"\\u0000*\\u0000data\\\";O:45:\\\"Illuminate\\\\Contracts\\\\Database\\\\ModelIdentifier\\\":4:{s:5:\\\"class\\\";s:19:\\\"App\\\\Models\\\\Property\\\";s:2:\\\"id\\\";s:36:\\\"b4add206-efb2-4e45-955e-eef62915763a\\\";s:9:\\\"relations\\\";a:0:{}s:10:\\\"connection\\\";s:5:\\\"mysql\\\";}s:3:\\\"job\\\";N;s:10:\\\"connection\\\";N;s:5:\\\"queue\\\";N;s:15:\\\"chainConnection\\\";N;s:10:\\\"chainQueue\\\";N;s:19:\\\"chainCatchCallbacks\\\";N;s:5:\\\"delay\\\";N;s:11:\\\"afterCommit\\\";b:1;s:10:\\\"middleware\\\";a:0:{}s:7:\\\"chained\\\";a:0:{}}\"}}', 0, NULL, 1652131989, 1652131989),
(27, 'default', '{\"uuid\":\"18a2deac-61aa-4439-8029-af705ae8a6ce\",\"displayName\":\"App\\\\Notifications\\\\Email\\\\SendEmail\",\"job\":\"Illuminate\\\\Queue\\\\CallQueuedHandler@call\",\"maxTries\":null,\"maxExceptions\":null,\"failOnTimeout\":false,\"backoff\":null,\"timeout\":null,\"retryUntil\":null,\"data\":{\"commandName\":\"Illuminate\\\\Notifications\\\\SendQueuedNotifications\",\"command\":\"O:48:\\\"Illuminate\\\\Notifications\\\\SendQueuedNotifications\\\":16:{s:11:\\\"notifiables\\\";O:29:\\\"Illuminate\\\\Support\\\\Collection\\\":2:{s:8:\\\"\\u0000*\\u0000items\\\";a:0:{}s:28:\\\"\\u0000*\\u0000escapeWhenCastingToString\\\";b:0;}s:12:\\\"notification\\\";O:33:\\\"App\\\\Notifications\\\\Email\\\\SendEmail\\\":13:{s:47:\\\"\\u0000App\\\\Notifications\\\\Email\\\\SendEmail\\u0000templateName\\\";s:12:\\\"New Property\\\";s:39:\\\"\\u0000App\\\\Notifications\\\\Email\\\\SendEmail\\u0000data\\\";O:45:\\\"Illuminate\\\\Contracts\\\\Database\\\\ModelIdentifier\\\":4:{s:5:\\\"class\\\";s:19:\\\"App\\\\Models\\\\Property\\\";s:2:\\\"id\\\";s:36:\\\"0c632487-15d8-4862-acae-66e3c8efbcc9\\\";s:9:\\\"relations\\\";a:0:{}s:10:\\\"connection\\\";s:5:\\\"mysql\\\";}s:2:\\\"id\\\";s:36:\\\"52ba4854-0604-4e67-a47d-9b7b7a0f9234\\\";s:6:\\\"locale\\\";N;s:10:\\\"connection\\\";N;s:5:\\\"queue\\\";N;s:15:\\\"chainConnection\\\";N;s:10:\\\"chainQueue\\\";N;s:19:\\\"chainCatchCallbacks\\\";N;s:5:\\\"delay\\\";N;s:11:\\\"afterCommit\\\";b:1;s:10:\\\"middleware\\\";a:0:{}s:7:\\\"chained\\\";a:0:{}}s:8:\\\"channels\\\";a:1:{i:0;s:4:\\\"mail\\\";}s:5:\\\"tries\\\";N;s:7:\\\"timeout\\\";N;s:17:\\\"shouldBeEncrypted\\\";b:0;s:3:\\\"job\\\";N;s:10:\\\"connection\\\";N;s:5:\\\"queue\\\";N;s:15:\\\"chainConnection\\\";N;s:10:\\\"chainQueue\\\";N;s:19:\\\"chainCatchCallbacks\\\";N;s:5:\\\"delay\\\";N;s:11:\\\"afterCommit\\\";b:1;s:10:\\\"middleware\\\";a:0:{}s:7:\\\"chained\\\";a:0:{}}\"}}', 0, NULL, 1652132036, 1652132036),
(28, 'default', '{\"uuid\":\"824a8f79-cb1a-4622-b3d7-1da635fb6955\",\"displayName\":\"App\\\\Jobs\\\\SendSMS\",\"job\":\"Illuminate\\\\Queue\\\\CallQueuedHandler@call\",\"maxTries\":null,\"maxExceptions\":null,\"failOnTimeout\":false,\"backoff\":null,\"timeout\":null,\"retryUntil\":null,\"data\":{\"commandName\":\"App\\\\Jobs\\\\SendSMS\",\"command\":\"O:16:\\\"App\\\\Jobs\\\\SendSMS\\\":14:{s:24:\\\"\\u0000*\\u0000smsTemplateRepository\\\";N;s:8:\\\"\\u0000*\\u0000event\\\";s:12:\\\"New Property\\\";s:13:\\\"\\u0000*\\u0000notifiable\\\";N;s:7:\\\"\\u0000*\\u0000data\\\";O:45:\\\"Illuminate\\\\Contracts\\\\Database\\\\ModelIdentifier\\\":4:{s:5:\\\"class\\\";s:19:\\\"App\\\\Models\\\\Property\\\";s:2:\\\"id\\\";s:36:\\\"0c632487-15d8-4862-acae-66e3c8efbcc9\\\";s:9:\\\"relations\\\";a:0:{}s:10:\\\"connection\\\";s:5:\\\"mysql\\\";}s:3:\\\"job\\\";N;s:10:\\\"connection\\\";N;s:5:\\\"queue\\\";N;s:15:\\\"chainConnection\\\";N;s:10:\\\"chainQueue\\\";N;s:19:\\\"chainCatchCallbacks\\\";N;s:5:\\\"delay\\\";N;s:11:\\\"afterCommit\\\";b:1;s:10:\\\"middleware\\\";a:0:{}s:7:\\\"chained\\\";a:0:{}}\"}}', 0, NULL, 1652132036, 1652132036),
(29, 'default', '{\"uuid\":\"bafb1e7c-f091-4133-a25c-ee5c640bc6f2\",\"displayName\":\"App\\\\Notifications\\\\Email\\\\SendEmail\",\"job\":\"Illuminate\\\\Queue\\\\CallQueuedHandler@call\",\"maxTries\":null,\"maxExceptions\":null,\"failOnTimeout\":false,\"backoff\":null,\"timeout\":null,\"retryUntil\":null,\"data\":{\"commandName\":\"Illuminate\\\\Notifications\\\\SendQueuedNotifications\",\"command\":\"O:48:\\\"Illuminate\\\\Notifications\\\\SendQueuedNotifications\\\":16:{s:11:\\\"notifiables\\\";O:29:\\\"Illuminate\\\\Support\\\\Collection\\\":2:{s:8:\\\"\\u0000*\\u0000items\\\";a:0:{}s:28:\\\"\\u0000*\\u0000escapeWhenCastingToString\\\";b:0;}s:12:\\\"notification\\\";O:33:\\\"App\\\\Notifications\\\\Email\\\\SendEmail\\\":13:{s:47:\\\"\\u0000App\\\\Notifications\\\\Email\\\\SendEmail\\u0000templateName\\\";s:12:\\\"New Property\\\";s:39:\\\"\\u0000App\\\\Notifications\\\\Email\\\\SendEmail\\u0000data\\\";O:45:\\\"Illuminate\\\\Contracts\\\\Database\\\\ModelIdentifier\\\":4:{s:5:\\\"class\\\";s:19:\\\"App\\\\Models\\\\Property\\\";s:2:\\\"id\\\";s:36:\\\"97540c7c-1bc3-4cc9-a22d-25d8b0c06c20\\\";s:9:\\\"relations\\\";a:0:{}s:10:\\\"connection\\\";s:5:\\\"mysql\\\";}s:2:\\\"id\\\";s:36:\\\"0e7d5c56-488c-4710-898f-43afe3aece75\\\";s:6:\\\"locale\\\";N;s:10:\\\"connection\\\";N;s:5:\\\"queue\\\";N;s:15:\\\"chainConnection\\\";N;s:10:\\\"chainQueue\\\";N;s:19:\\\"chainCatchCallbacks\\\";N;s:5:\\\"delay\\\";N;s:11:\\\"afterCommit\\\";b:1;s:10:\\\"middleware\\\";a:0:{}s:7:\\\"chained\\\";a:0:{}}s:8:\\\"channels\\\";a:1:{i:0;s:4:\\\"mail\\\";}s:5:\\\"tries\\\";N;s:7:\\\"timeout\\\";N;s:17:\\\"shouldBeEncrypted\\\";b:0;s:3:\\\"job\\\";N;s:10:\\\"connection\\\";N;s:5:\\\"queue\\\";N;s:15:\\\"chainConnection\\\";N;s:10:\\\"chainQueue\\\";N;s:19:\\\"chainCatchCallbacks\\\";N;s:5:\\\"delay\\\";N;s:11:\\\"afterCommit\\\";b:1;s:10:\\\"middleware\\\";a:0:{}s:7:\\\"chained\\\";a:0:{}}\"}}', 0, NULL, 1652202010, 1652202010),
(30, 'default', '{\"uuid\":\"3fe08c2d-1d86-469c-a9e0-e434d96ff28a\",\"displayName\":\"App\\\\Jobs\\\\SendSMS\",\"job\":\"Illuminate\\\\Queue\\\\CallQueuedHandler@call\",\"maxTries\":null,\"maxExceptions\":null,\"failOnTimeout\":false,\"backoff\":null,\"timeout\":null,\"retryUntil\":null,\"data\":{\"commandName\":\"App\\\\Jobs\\\\SendSMS\",\"command\":\"O:16:\\\"App\\\\Jobs\\\\SendSMS\\\":14:{s:24:\\\"\\u0000*\\u0000smsTemplateRepository\\\";N;s:8:\\\"\\u0000*\\u0000event\\\";s:12:\\\"New Property\\\";s:13:\\\"\\u0000*\\u0000notifiable\\\";N;s:7:\\\"\\u0000*\\u0000data\\\";O:45:\\\"Illuminate\\\\Contracts\\\\Database\\\\ModelIdentifier\\\":4:{s:5:\\\"class\\\";s:19:\\\"App\\\\Models\\\\Property\\\";s:2:\\\"id\\\";s:36:\\\"97540c7c-1bc3-4cc9-a22d-25d8b0c06c20\\\";s:9:\\\"relations\\\";a:0:{}s:10:\\\"connection\\\";s:5:\\\"mysql\\\";}s:3:\\\"job\\\";N;s:10:\\\"connection\\\";N;s:5:\\\"queue\\\";N;s:15:\\\"chainConnection\\\";N;s:10:\\\"chainQueue\\\";N;s:19:\\\"chainCatchCallbacks\\\";N;s:5:\\\"delay\\\";N;s:11:\\\"afterCommit\\\";b:1;s:10:\\\"middleware\\\";a:0:{}s:7:\\\"chained\\\";a:0:{}}\"}}', 0, NULL, 1652202010, 1652202010),
(31, 'default', '{\"uuid\":\"4559d698-2d61-4174-bc42-25e522661f4b\",\"displayName\":\"App\\\\Notifications\\\\Email\\\\SendEmail\",\"job\":\"Illuminate\\\\Queue\\\\CallQueuedHandler@call\",\"maxTries\":null,\"maxExceptions\":null,\"failOnTimeout\":false,\"backoff\":null,\"timeout\":null,\"retryUntil\":null,\"data\":{\"commandName\":\"Illuminate\\\\Notifications\\\\SendQueuedNotifications\",\"command\":\"O:48:\\\"Illuminate\\\\Notifications\\\\SendQueuedNotifications\\\":16:{s:11:\\\"notifiables\\\";O:29:\\\"Illuminate\\\\Support\\\\Collection\\\":2:{s:8:\\\"\\u0000*\\u0000items\\\";a:0:{}s:28:\\\"\\u0000*\\u0000escapeWhenCastingToString\\\";b:0;}s:12:\\\"notification\\\";O:33:\\\"App\\\\Notifications\\\\Email\\\\SendEmail\\\":13:{s:47:\\\"\\u0000App\\\\Notifications\\\\Email\\\\SendEmail\\u0000templateName\\\";s:12:\\\"New Property\\\";s:39:\\\"\\u0000App\\\\Notifications\\\\Email\\\\SendEmail\\u0000data\\\";O:45:\\\"Illuminate\\\\Contracts\\\\Database\\\\ModelIdentifier\\\":4:{s:5:\\\"class\\\";s:19:\\\"App\\\\Models\\\\Property\\\";s:2:\\\"id\\\";s:36:\\\"b5c5e6b9-4833-4b00-9636-1804f673604d\\\";s:9:\\\"relations\\\";a:0:{}s:10:\\\"connection\\\";s:5:\\\"mysql\\\";}s:2:\\\"id\\\";s:36:\\\"4940c3f3-464b-46d9-9f18-ed78959571c7\\\";s:6:\\\"locale\\\";N;s:10:\\\"connection\\\";N;s:5:\\\"queue\\\";N;s:15:\\\"chainConnection\\\";N;s:10:\\\"chainQueue\\\";N;s:19:\\\"chainCatchCallbacks\\\";N;s:5:\\\"delay\\\";N;s:11:\\\"afterCommit\\\";b:1;s:10:\\\"middleware\\\";a:0:{}s:7:\\\"chained\\\";a:0:{}}s:8:\\\"channels\\\";a:1:{i:0;s:4:\\\"mail\\\";}s:5:\\\"tries\\\";N;s:7:\\\"timeout\\\";N;s:17:\\\"shouldBeEncrypted\\\";b:0;s:3:\\\"job\\\";N;s:10:\\\"connection\\\";N;s:5:\\\"queue\\\";N;s:15:\\\"chainConnection\\\";N;s:10:\\\"chainQueue\\\";N;s:19:\\\"chainCatchCallbacks\\\";N;s:5:\\\"delay\\\";N;s:11:\\\"afterCommit\\\";b:1;s:10:\\\"middleware\\\";a:0:{}s:7:\\\"chained\\\";a:0:{}}\"}}', 0, NULL, 1652202072, 1652202072),
(32, 'default', '{\"uuid\":\"51b9173c-3fc1-4609-bc04-f6fa24af4842\",\"displayName\":\"App\\\\Jobs\\\\SendSMS\",\"job\":\"Illuminate\\\\Queue\\\\CallQueuedHandler@call\",\"maxTries\":null,\"maxExceptions\":null,\"failOnTimeout\":false,\"backoff\":null,\"timeout\":null,\"retryUntil\":null,\"data\":{\"commandName\":\"App\\\\Jobs\\\\SendSMS\",\"command\":\"O:16:\\\"App\\\\Jobs\\\\SendSMS\\\":14:{s:24:\\\"\\u0000*\\u0000smsTemplateRepository\\\";N;s:8:\\\"\\u0000*\\u0000event\\\";s:12:\\\"New Property\\\";s:13:\\\"\\u0000*\\u0000notifiable\\\";N;s:7:\\\"\\u0000*\\u0000data\\\";O:45:\\\"Illuminate\\\\Contracts\\\\Database\\\\ModelIdentifier\\\":4:{s:5:\\\"class\\\";s:19:\\\"App\\\\Models\\\\Property\\\";s:2:\\\"id\\\";s:36:\\\"b5c5e6b9-4833-4b00-9636-1804f673604d\\\";s:9:\\\"relations\\\";a:0:{}s:10:\\\"connection\\\";s:5:\\\"mysql\\\";}s:3:\\\"job\\\";N;s:10:\\\"connection\\\";N;s:5:\\\"queue\\\";N;s:15:\\\"chainConnection\\\";N;s:10:\\\"chainQueue\\\";N;s:19:\\\"chainCatchCallbacks\\\";N;s:5:\\\"delay\\\";N;s:11:\\\"afterCommit\\\";b:1;s:10:\\\"middleware\\\";a:0:{}s:7:\\\"chained\\\";a:0:{}}\"}}', 0, NULL, 1652202072, 1652202072);

-- --------------------------------------------------------

--
-- Table structure for table `journals`
--

CREATE TABLE `journals` (
  `id` int(10) UNSIGNED NOT NULL,
  `agent_id` varchar(36) COLLATE utf8mb4_unicode_ci DEFAULT NULL,
  `property_id` varchar(36) COLLATE utf8mb4_unicode_ci NOT NULL,
  `reference_id` varchar(36) COLLATE utf8mb4_unicode_ci NOT NULL,
  `debit_account_id` varchar(36) COLLATE utf8mb4_unicode_ci NOT NULL,
  `credit_account_id` varchar(36) COLLATE utf8mb4_unicode_ci NOT NULL,
  `amount` varchar(191) COLLATE utf8mb4_unicode_ci NOT NULL,
  `narration` varchar(191) COLLATE utf8mb4_unicode_ci DEFAULT NULL,
  `created_by` varchar(36) COLLATE utf8mb4_unicode_ci DEFAULT NULL,
  `updated_by` varchar(36) COLLATE utf8mb4_unicode_ci DEFAULT NULL,
  `deleted_by` varchar(36) COLLATE utf8mb4_unicode_ci DEFAULT NULL,
  `deleted_at` timestamp NULL DEFAULT NULL,
  `created_at` timestamp NULL DEFAULT NULL,
  `updated_at` timestamp NULL DEFAULT NULL
) ENGINE=InnoDB DEFAULT CHARSET=utf8mb4 COLLATE=utf8mb4_unicode_ci;

--
-- Dumping data for table `journals`
--

INSERT INTO `journals` (`id`, `agent_id`, `property_id`, `reference_id`, `debit_account_id`, `credit_account_id`, `amount`, `narration`, `created_by`, `updated_by`, `deleted_by`, `deleted_at`, `created_at`, `updated_at`) VALUES
(1, NULL, '9a470677-b4d4-4211-aa42-96dc5bbf3622', '55ebd3bd-5af1-42d0-875b-5d61eb3fe526', '0c0bc071-67c6-4feb-b58b-c40cfe03c8f5', '8ee8c626-130b-454a-b8c8-1e835ba2dcc4', '500', 'Rent Deposit', NULL, NULL, NULL, NULL, '2022-04-23 06:14:01', '2022-04-23 06:14:01'),
(2, NULL, '9a470677-b4d4-4211-aa42-96dc5bbf3622', '55ebd3bd-5af1-42d0-875b-5d61eb3fe526', '0c0bc071-67c6-4feb-b58b-c40cfe03c8f5', '645c88b5-4b85-473a-bfe5-c6c0a4e72a60', '500', 'Rent - April, 2022', NULL, NULL, NULL, NULL, '2022-04-23 06:14:01', '2022-04-23 06:14:01'),
(3, NULL, '9a470677-b4d4-4211-aa42-96dc5bbf3622', 'dd3c5932-2834-4a46-9ddf-9511b4947733', '0c0bc071-67c6-4feb-b58b-c40cfe03c8f5', '398f0d05-1dfa-40bf-a002-36f66740b115', '50', 'Processing Fee - April, 2022', NULL, NULL, NULL, NULL, '2022-04-23 06:14:01', '2022-04-23 06:14:01');

-- --------------------------------------------------------

--
-- Table structure for table `landlords`
--

CREATE TABLE `landlords` (
  `id` varchar(36) COLLATE utf8mb4_unicode_ci NOT NULL,
  `agent_id` varchar(36) COLLATE utf8mb4_unicode_ci DEFAULT NULL,
  `first_name` varchar(191) COLLATE utf8mb4_unicode_ci NOT NULL,
  `middle_name` varchar(191) COLLATE utf8mb4_unicode_ci DEFAULT NULL,
  `last_name` varchar(191) COLLATE utf8mb4_unicode_ci DEFAULT NULL,
  `phone` varchar(191) COLLATE utf8mb4_unicode_ci DEFAULT NULL,
  `email` varchar(191) COLLATE utf8mb4_unicode_ci DEFAULT NULL,
  `registration_date` varchar(191) COLLATE utf8mb4_unicode_ci DEFAULT NULL,
  `id_number` varchar(191) COLLATE utf8mb4_unicode_ci DEFAULT NULL,
  `city` varchar(191) COLLATE utf8mb4_unicode_ci DEFAULT NULL,
  `state` varchar(191) COLLATE utf8mb4_unicode_ci DEFAULT NULL,
  `country` varchar(191) COLLATE utf8mb4_unicode_ci DEFAULT NULL,
  `postal_address` varchar(191) COLLATE utf8mb4_unicode_ci DEFAULT NULL,
  `physical_address` varchar(191) COLLATE utf8mb4_unicode_ci DEFAULT NULL,
  `residential_address` varchar(191) COLLATE utf8mb4_unicode_ci DEFAULT NULL,
  `password` varchar(191) COLLATE utf8mb4_unicode_ci DEFAULT NULL,
  `confirmed` tinyint(1) NOT NULL DEFAULT 0,
  `confirmation_code` varchar(191) COLLATE utf8mb4_unicode_ci DEFAULT NULL,
  `created_by` varchar(36) COLLATE utf8mb4_unicode_ci DEFAULT NULL,
  `updated_by` varchar(36) COLLATE utf8mb4_unicode_ci DEFAULT NULL,
  `deleted_by` varchar(36) COLLATE utf8mb4_unicode_ci DEFAULT NULL,
  `remember_token` varchar(100) COLLATE utf8mb4_unicode_ci DEFAULT NULL,
  `deleted_at` timestamp NULL DEFAULT NULL,
  `created_at` timestamp NULL DEFAULT NULL,
  `updated_at` timestamp NULL DEFAULT NULL
) ENGINE=InnoDB DEFAULT CHARSET=utf8mb4 COLLATE=utf8mb4_unicode_ci;

--
-- Dumping data for table `landlords`
--

INSERT INTO `landlords` (`id`, `agent_id`, `first_name`, `middle_name`, `last_name`, `phone`, `email`, `registration_date`, `id_number`, `city`, `state`, `country`, `postal_address`, `physical_address`, `residential_address`, `password`, `confirmed`, `confirmation_code`, `created_by`, `updated_by`, `deleted_by`, `remember_token`, `deleted_at`, `created_at`, `updated_at`) VALUES
('b5096940-02ab-4bed-9721-0e3ffb60fb0e', NULL, 'MD MOHOSIN', NULL, 'MIAH', '01857126452', '11111@gmail.com', '2022-04-22T18:00:00.000Z', NULL, 'GAZIPUR', '11', 'Bangladesh', 'HOUSE-39, KHAIRTUL, SHATAISH', 'TONGI, GAZIPUR, TONGI WEST, ERSHAD NAGAR - 1712, GAZIPUR', NULL, '$2y$10$SSfRzrPr.NM3tw48zO7L7OuARHA3H7sowppcc0HZhOtgBMJgG5vKi', 0, NULL, NULL, NULL, NULL, NULL, NULL, '2022-04-23 06:04:56', '2022-04-23 06:04:56');

-- --------------------------------------------------------

--
-- Table structure for table `late_fees`
--

CREATE TABLE `late_fees` (
  `id` char(36) COLLATE utf8mb4_unicode_ci NOT NULL,
  `late_fee_name` varchar(191) COLLATE utf8mb4_unicode_ci NOT NULL,
  `late_fee_display_name` varchar(191) COLLATE utf8mb4_unicode_ci NOT NULL,
  `late_fee_description` varchar(191) COLLATE utf8mb4_unicode_ci DEFAULT NULL,
  `deleted_at` timestamp NULL DEFAULT NULL,
  `created_at` timestamp NULL DEFAULT NULL,
  `updated_at` timestamp NULL DEFAULT NULL
) ENGINE=InnoDB DEFAULT CHARSET=utf8mb4 COLLATE=utf8mb4_unicode_ci;

--
-- Dumping data for table `late_fees`
--

INSERT INTO `late_fees` (`id`, `late_fee_name`, `late_fee_display_name`, `late_fee_description`, `deleted_at`, `created_at`, `updated_at`) VALUES
('cbb4b90e-c83f-40c6-8e22-7f2a4590f626', 'Penalty', 'Penalty', 'Penalty', NULL, '2022-04-23 03:16:57', '2022-04-23 03:16:57');

-- --------------------------------------------------------

--
-- Table structure for table `late_fee_properties`
--

CREATE TABLE `late_fee_properties` (
  `id` bigint(20) UNSIGNED NOT NULL,
  `late_fee_id` char(36) COLLATE utf8mb4_unicode_ci NOT NULL,
  `property_id` char(36) COLLATE utf8mb4_unicode_ci NOT NULL,
  `grace_period` varchar(191) COLLATE utf8mb4_unicode_ci DEFAULT NULL,
  `late_fee_value` double DEFAULT 0,
  `late_fee_type` varchar(191) COLLATE utf8mb4_unicode_ci DEFAULT NULL,
  `late_fee_frequency` varchar(191) COLLATE utf8mb4_unicode_ci DEFAULT NULL,
  `created_at` timestamp NULL DEFAULT NULL,
  `updated_at` timestamp NULL DEFAULT NULL
) ENGINE=InnoDB DEFAULT CHARSET=utf8mb4 COLLATE=utf8mb4_unicode_ci;

--
-- Dumping data for table `late_fee_properties`
--

INSERT INTO `late_fee_properties` (`id`, `late_fee_id`, `property_id`, `grace_period`, `late_fee_value`, `late_fee_type`, `late_fee_frequency`, `created_at`, `updated_at`) VALUES
(1, 'cbb4b90e-c83f-40c6-8e22-7f2a4590f626', '9a470677-b4d4-4211-aa42-96dc5bbf3622', '10', 500, 'fixed', 'monthly', NULL, NULL);

-- --------------------------------------------------------

--
-- Table structure for table `leases`
--

CREATE TABLE `leases` (
  `id` varchar(36) COLLATE utf8mb4_unicode_ci NOT NULL,
  `agent_id` varchar(36) COLLATE utf8mb4_unicode_ci DEFAULT NULL,
  `landlord_id` varchar(36) COLLATE utf8mb4_unicode_ci DEFAULT NULL,
  `property_id` varchar(36) COLLATE utf8mb4_unicode_ci NOT NULL,
  `lease_type_id` varchar(191) COLLATE utf8mb4_unicode_ci NOT NULL,
  `lease_mode_id` varchar(191) COLLATE utf8mb4_unicode_ci DEFAULT NULL,
  `lease_number` varchar(191) COLLATE utf8mb4_unicode_ci DEFAULT NULL,
  `start_date` varchar(191) COLLATE utf8mb4_unicode_ci DEFAULT NULL,
  `end_date` varchar(191) COLLATE utf8mb4_unicode_ci DEFAULT NULL,
  `due_date` varchar(191) COLLATE utf8mb4_unicode_ci DEFAULT NULL,
  `next_billing_date` varchar(191) COLLATE utf8mb4_unicode_ci DEFAULT NULL,
  `billed_on` varchar(191) COLLATE utf8mb4_unicode_ci DEFAULT NULL,
  `terminated_on` varchar(191) COLLATE utf8mb4_unicode_ci DEFAULT NULL,
  `terminated_by` varchar(36) COLLATE utf8mb4_unicode_ci DEFAULT NULL,
  `rent_amount` varchar(191) COLLATE utf8mb4_unicode_ci DEFAULT NULL,
  `rent_deposit` varchar(191) COLLATE utf8mb4_unicode_ci DEFAULT NULL,
  `billing_frequency` varchar(191) COLLATE utf8mb4_unicode_ci DEFAULT NULL,
  `due_on` varchar(191) COLLATE utf8mb4_unicode_ci DEFAULT NULL,
  `waive_penalty` tinyint(1) NOT NULL DEFAULT 0,
  `skip_starting_period` tinyint(1) NOT NULL DEFAULT 0,
  `generate_invoice_on` int(11) DEFAULT NULL,
  `next_period_billing` tinyint(1) NOT NULL DEFAULT 0,
  `agreement_doc` varchar(191) COLLATE utf8mb4_unicode_ci DEFAULT NULL,
  `invoice_number_prefix` varchar(191) COLLATE utf8mb4_unicode_ci DEFAULT NULL,
  `invoice_footer` varchar(191) COLLATE utf8mb4_unicode_ci DEFAULT NULL,
  `invoice_terms` varchar(191) COLLATE utf8mb4_unicode_ci DEFAULT NULL,
  `show_payment_method_on_invoice` tinyint(1) NOT NULL DEFAULT 0,
  `created_by` varchar(36) COLLATE utf8mb4_unicode_ci DEFAULT NULL,
  `updated_by` varchar(36) COLLATE utf8mb4_unicode_ci DEFAULT NULL,
  `deleted_by` varchar(36) COLLATE utf8mb4_unicode_ci DEFAULT NULL,
  `deleted_at` timestamp NULL DEFAULT NULL,
  `created_at` timestamp NULL DEFAULT NULL,
  `updated_at` timestamp NULL DEFAULT NULL
) ENGINE=InnoDB DEFAULT CHARSET=utf8mb4 COLLATE=utf8mb4_unicode_ci;

--
-- Dumping data for table `leases`
--

INSERT INTO `leases` (`id`, `agent_id`, `landlord_id`, `property_id`, `lease_type_id`, `lease_mode_id`, `lease_number`, `start_date`, `end_date`, `due_date`, `next_billing_date`, `billed_on`, `terminated_on`, `terminated_by`, `rent_amount`, `rent_deposit`, `billing_frequency`, `due_on`, `waive_penalty`, `skip_starting_period`, `generate_invoice_on`, `next_period_billing`, `agreement_doc`, `invoice_number_prefix`, `invoice_footer`, `invoice_terms`, `show_payment_method_on_invoice`, `created_by`, `updated_by`, `deleted_by`, `deleted_at`, `created_at`, `updated_at`) VALUES
('55ebd3bd-5af1-42d0-875b-5d61eb3fe526', NULL, 'b5096940-02ab-4bed-9721-0e3ffb60fb0e', '9a470677-b4d4-4211-aa42-96dc5bbf3622', 'e0325d0a-1186-4426-9ee3-1a72084cb37c', NULL, 'LS0001', '2022-04-23', NULL, NULL, '2022-04-28', '2022-04-23', NULL, NULL, '500', '500', NULL, '5', 1, 0, 28, 1, NULL, NULL, NULL, NULL, 0, NULL, NULL, NULL, NULL, '2022-04-23 06:14:01', '2022-04-23 06:14:01');

-- --------------------------------------------------------

--
-- Table structure for table `lease_extra_charges`
--

CREATE TABLE `lease_extra_charges` (
  `id` int(10) UNSIGNED NOT NULL,
  `lease_id` char(36) COLLATE utf8mb4_unicode_ci NOT NULL,
  `extra_charge_id` char(36) COLLATE utf8mb4_unicode_ci NOT NULL,
  `extra_charge_value` double DEFAULT 0,
  `extra_charge_type` varchar(191) COLLATE utf8mb4_unicode_ci NOT NULL,
  `extra_charge_frequency` varchar(191) COLLATE utf8mb4_unicode_ci NOT NULL
) ENGINE=InnoDB DEFAULT CHARSET=utf8mb4 COLLATE=utf8mb4_unicode_ci;

--
-- Dumping data for table `lease_extra_charges`
--

INSERT INTO `lease_extra_charges` (`id`, `lease_id`, `extra_charge_id`, `extra_charge_value`, `extra_charge_type`, `extra_charge_frequency`) VALUES
(1, '55ebd3bd-5af1-42d0-875b-5d61eb3fe526', 'dd3c5932-2834-4a46-9ddf-9511b4947733', 10, 'total_rent_percentage', 'one_time');

-- --------------------------------------------------------

--
-- Table structure for table `lease_late_fees`
--

CREATE TABLE `lease_late_fees` (
  `id` int(10) UNSIGNED NOT NULL,
  `lease_id` char(36) COLLATE utf8mb4_unicode_ci NOT NULL,
  `late_fee_id` char(36) COLLATE utf8mb4_unicode_ci NOT NULL,
  `late_fee_value` double DEFAULT 0,
  `grace_period` varchar(191) COLLATE utf8mb4_unicode_ci DEFAULT NULL,
  `late_fee_type` varchar(191) COLLATE utf8mb4_unicode_ci DEFAULT NULL,
  `late_fee_frequency` varchar(191) COLLATE utf8mb4_unicode_ci DEFAULT NULL
) ENGINE=InnoDB DEFAULT CHARSET=utf8mb4 COLLATE=utf8mb4_unicode_ci;

--
-- Dumping data for table `lease_late_fees`
--

INSERT INTO `lease_late_fees` (`id`, `lease_id`, `late_fee_id`, `late_fee_value`, `grace_period`, `late_fee_type`, `late_fee_frequency`) VALUES
(1, '55ebd3bd-5af1-42d0-875b-5d61eb3fe526', 'cbb4b90e-c83f-40c6-8e22-7f2a4590f626', 500, '10', 'fixed', 'monthly');

-- --------------------------------------------------------

--
-- Table structure for table `lease_modes`
--

CREATE TABLE `lease_modes` (
  `id` varchar(36) COLLATE utf8mb4_unicode_ci NOT NULL,
  `lease_mode_name` varchar(191) COLLATE utf8mb4_unicode_ci NOT NULL,
  `lease_mode_display_name` varchar(191) COLLATE utf8mb4_unicode_ci NOT NULL,
  `lease_mode_description` varchar(191) COLLATE utf8mb4_unicode_ci DEFAULT NULL,
  `deleted_at` timestamp NULL DEFAULT NULL,
  `created_at` timestamp NULL DEFAULT NULL,
  `updated_at` timestamp NULL DEFAULT NULL
) ENGINE=InnoDB DEFAULT CHARSET=utf8mb4 COLLATE=utf8mb4_unicode_ci;

--
-- Dumping data for table `lease_modes`
--

INSERT INTO `lease_modes` (`id`, `lease_mode_name`, `lease_mode_display_name`, `lease_mode_description`, `deleted_at`, `created_at`, `updated_at`) VALUES
('4a97cf3e-f6e1-4a88-8073-7e55d742ae54', 'period_period', 'Period to Period', 'Period to Period', NULL, '2022-04-23 03:16:57', '2022-04-23 03:16:57'),
('7890f1be-0d95-4845-9f93-f8b59c71125f', 'fixed_period', 'Fixed Period', 'Fixed Period', NULL, '2022-04-23 03:16:57', '2022-04-23 03:16:57');

-- --------------------------------------------------------

--
-- Table structure for table `lease_settings`
--

CREATE TABLE `lease_settings` (
  `id` char(36) COLLATE utf8mb4_unicode_ci NOT NULL,
  `agent_id` varchar(36) COLLATE utf8mb4_unicode_ci DEFAULT NULL,
  `lease_number_prefix` varchar(191) COLLATE utf8mb4_unicode_ci DEFAULT NULL,
  `invoice_number_prefix` varchar(191) COLLATE utf8mb4_unicode_ci DEFAULT NULL,
  `invoice_footer` varchar(191) COLLATE utf8mb4_unicode_ci DEFAULT NULL,
  `invoice_terms` varchar(191) COLLATE utf8mb4_unicode_ci DEFAULT NULL,
  `generate_invoice_on` int(11) DEFAULT NULL,
  `show_payment_method_on_invoice` tinyint(1) NOT NULL DEFAULT 0,
  `next_period_billing` tinyint(1) NOT NULL DEFAULT 0,
  `skip_starting_period` tinyint(1) NOT NULL DEFAULT 0,
  `waive_penalty` tinyint(1) NOT NULL DEFAULT 0,
  `deleted_at` timestamp NULL DEFAULT NULL,
  `created_at` timestamp NULL DEFAULT NULL,
  `updated_at` timestamp NULL DEFAULT NULL
) ENGINE=InnoDB DEFAULT CHARSET=utf8mb4 COLLATE=utf8mb4_unicode_ci;

--
-- Dumping data for table `lease_settings`
--

INSERT INTO `lease_settings` (`id`, `agent_id`, `lease_number_prefix`, `invoice_number_prefix`, `invoice_footer`, `invoice_terms`, `generate_invoice_on`, `show_payment_method_on_invoice`, `next_period_billing`, `skip_starting_period`, `waive_penalty`, `deleted_at`, `created_at`, `updated_at`) VALUES
('89220eb1-456b-4506-b236-7b07d63bf785', NULL, 'LS', 'INV', 'xxxx footer', 'yyy terms', 25, 1, 1, 0, 0, NULL, '2022-04-23 03:16:58', '2022-04-23 03:16:58');

-- --------------------------------------------------------

--
-- Table structure for table `lease_tenants`
--

CREATE TABLE `lease_tenants` (
  `id` int(10) UNSIGNED NOT NULL,
  `lease_id` char(36) COLLATE utf8mb4_unicode_ci NOT NULL,
  `property_id` char(36) COLLATE utf8mb4_unicode_ci NOT NULL,
  `tenant_id` char(36) COLLATE utf8mb4_unicode_ci NOT NULL
) ENGINE=InnoDB DEFAULT CHARSET=utf8mb4 COLLATE=utf8mb4_unicode_ci;

--
-- Dumping data for table `lease_tenants`
--

INSERT INTO `lease_tenants` (`id`, `lease_id`, `property_id`, `tenant_id`) VALUES
(1, '55ebd3bd-5af1-42d0-875b-5d61eb3fe526', '', 'eb52ab0d-722e-4cba-82d9-a8c84f008b98');

-- --------------------------------------------------------

--
-- Table structure for table `lease_types`
--

CREATE TABLE `lease_types` (
  `id` varchar(36) COLLATE utf8mb4_unicode_ci NOT NULL,
  `lease_type_name` varchar(191) COLLATE utf8mb4_unicode_ci NOT NULL,
  `lease_type_display_name` varchar(191) COLLATE utf8mb4_unicode_ci NOT NULL,
  `lease_type_description` varchar(191) COLLATE utf8mb4_unicode_ci DEFAULT NULL,
  `deleted_at` timestamp NULL DEFAULT NULL,
  `created_at` timestamp NULL DEFAULT NULL,
  `updated_at` timestamp NULL DEFAULT NULL
) ENGINE=InnoDB DEFAULT CHARSET=utf8mb4 COLLATE=utf8mb4_unicode_ci;

--
-- Dumping data for table `lease_types`
--

INSERT INTO `lease_types` (`id`, `lease_type_name`, `lease_type_display_name`, `lease_type_description`, `deleted_at`, `created_at`, `updated_at`) VALUES
('0ee937f9-5892-4878-9b79-de4d02ab6550', 'commercial', 'Commercial', 'Commercial', NULL, '2022-04-23 03:16:57', '2022-04-23 03:16:57'),
('e0325d0a-1186-4426-9ee3-1a72084cb37c', 'residential', 'Residential', 'Residential', NULL, '2022-04-23 03:16:57', '2022-04-23 03:16:57');

-- --------------------------------------------------------

--
-- Table structure for table `lease_units`
--

CREATE TABLE `lease_units` (
  `id` int(10) UNSIGNED NOT NULL,
  `lease_id` char(36) COLLATE utf8mb4_unicode_ci NOT NULL,
  `unit_id` char(36) COLLATE utf8mb4_unicode_ci NOT NULL,
  `unit_name` varchar(191) COLLATE utf8mb4_unicode_ci NOT NULL
) ENGINE=InnoDB DEFAULT CHARSET=utf8mb4 COLLATE=utf8mb4_unicode_ci;

--
-- Dumping data for table `lease_units`
--

INSERT INTO `lease_units` (`id`, `lease_id`, `unit_id`, `unit_name`) VALUES
(1, '55ebd3bd-5af1-42d0-875b-5d61eb3fe526', '80fe3e46-9e51-483e-bf04-521c734f28ac', '1');

-- --------------------------------------------------------

--
-- Table structure for table `lease_utility_charges`
--

CREATE TABLE `lease_utility_charges` (
  `id` int(10) UNSIGNED NOT NULL,
  `lease_id` char(36) COLLATE utf8mb4_unicode_ci NOT NULL,
  `utility_id` char(36) COLLATE utf8mb4_unicode_ci NOT NULL,
  `utility_unit_cost` double DEFAULT 0,
  `utility_base_fee` double DEFAULT 0
) ENGINE=InnoDB DEFAULT CHARSET=utf8mb4 COLLATE=utf8mb4_unicode_ci;

--
-- Dumping data for table `lease_utility_charges`
--

INSERT INTO `lease_utility_charges` (`id`, `lease_id`, `utility_id`, `utility_unit_cost`, `utility_base_fee`) VALUES
(1, '55ebd3bd-5af1-42d0-875b-5d61eb3fe526', '7ff2d724-1c06-4f1e-9ec6-f0fcae4864ec', 10, NULL),
(2, '55ebd3bd-5af1-42d0-875b-5d61eb3fe526', '8661a26a-73f3-4cf8-b238-6dd1a3bca1a8', 10, NULL);

-- --------------------------------------------------------

--
-- Table structure for table `lease_utility_deposits`
--

CREATE TABLE `lease_utility_deposits` (
  `id` int(10) UNSIGNED NOT NULL,
  `lease_id` char(36) COLLATE utf8mb4_unicode_ci NOT NULL,
  `utility_id` char(36) COLLATE utf8mb4_unicode_ci NOT NULL,
  `deposit_amount` double DEFAULT 0
) ENGINE=InnoDB DEFAULT CHARSET=utf8mb4 COLLATE=utf8mb4_unicode_ci;

-- --------------------------------------------------------

--
-- Table structure for table `ledgers`
--

CREATE TABLE `ledgers` (
  `id` int(10) UNSIGNED NOT NULL,
  `account_id` varchar(36) COLLATE utf8mb4_unicode_ci NOT NULL,
  `journal_id` int(11) NOT NULL,
  `created_at` varchar(191) COLLATE utf8mb4_unicode_ci NOT NULL,
  `amount` varchar(191) COLLATE utf8mb4_unicode_ci NOT NULL
) ENGINE=InnoDB DEFAULT CHARSET=utf8mb4 COLLATE=utf8mb4_unicode_ci;

--
-- Dumping data for table `ledgers`
--

INSERT INTO `ledgers` (`id`, `account_id`, `journal_id`, `created_at`, `amount`) VALUES
(1, '0c0bc071-67c6-4feb-b58b-c40cfe03c8f5', 1, '2022-04-23 12:14:01', '500'),
(2, '8ee8c626-130b-454a-b8c8-1e835ba2dcc4', 1, '2022-04-23 12:14:01', '-500'),
(4, '0c0bc071-67c6-4feb-b58b-c40cfe03c8f5', 2, '2022-04-23 12:14:01', '500'),
(5, '645c88b5-4b85-473a-bfe5-c6c0a4e72a60', 2, '2022-04-23 12:14:01', '-500'),
(7, '0c0bc071-67c6-4feb-b58b-c40cfe03c8f5', 3, '2022-04-23 12:14:01', '50'),
(8, '398f0d05-1dfa-40bf-a002-36f66740b115', 3, '2022-04-23 12:14:01', '-50');

-- --------------------------------------------------------

--
-- Table structure for table `maintenancies`
--

CREATE TABLE `maintenancies` (
  `id` bigint(20) UNSIGNED NOT NULL,
  `created_at` timestamp NULL DEFAULT NULL,
  `updated_at` timestamp NULL DEFAULT NULL
) ENGINE=InnoDB DEFAULT CHARSET=utf8mb4 COLLATE=utf8mb4_unicode_ci;

-- --------------------------------------------------------

--
-- Table structure for table `migrations`
--

CREATE TABLE `migrations` (
  `id` int(10) UNSIGNED NOT NULL,
  `migration` varchar(191) COLLATE utf8mb4_unicode_ci NOT NULL,
  `batch` int(11) NOT NULL
) ENGINE=InnoDB DEFAULT CHARSET=utf8mb4 COLLATE=utf8mb4_unicode_ci;

--
-- Dumping data for table `migrations`
--

INSERT INTO `migrations` (`id`, `migration`, `batch`) VALUES
(1, '2013_01_28_203842_create_roles_table', 1),
(2, '2014_10_12_000000_create_users_table', 1),
(3, '2014_10_12_100000_create_password_resets_table', 1),
(4, '2016_06_01_000001_create_oauth_auth_codes_table', 1),
(5, '2016_06_01_000002_create_oauth_access_tokens_table', 1),
(6, '2016_06_01_000003_create_oauth_refresh_tokens_table', 1),
(7, '2016_06_01_000004_create_oauth_clients_table', 1),
(8, '2016_06_01_000005_create_oauth_personal_access_clients_table', 1),
(9, '2018_01_28_203941_create_permissions_table', 1),
(10, '2018_01_28_205009_create_permission_role_table', 1),
(11, '2018_01_30_155315_alter_table_oauth_auth_codes', 1),
(12, '2018_01_30_155318_alter_table_oauth_access_tokens', 1),
(13, '2018_01_30_155318_alter_table_oauth_clients', 1),
(14, '2018_01_30_155318_alter_table_oauth_personal_access_clients', 1),
(15, '2019_08_02_071815_create_accounts_table', 1),
(16, '2019_08_02_073517_create_account_types_table', 1),
(17, '2019_08_19_000000_create_failed_jobs_table', 1),
(18, '2019_08_28_114622_create_account_classes_table', 1),
(19, '2020_04_14_093340_create_property_categories_table', 1),
(20, '2020_04_14_093352_create_property_types_table', 1),
(21, '2020_05_03_192457_create_invoices_table', 1),
(22, '2020_05_03_192529_create_landlords_table', 1),
(23, '2020_05_03_192558_create_properties_table', 1),
(24, '2020_05_03_192616_create_tenants_table', 1),
(25, '2020_05_03_202833_create_maintenancies_table', 1),
(26, '2020_05_13_083504_create_leases_table', 1),
(27, '2020_05_13_083714_create_units_table', 1),
(28, '2020_05_15_190504_create_utilities_table', 1),
(29, '2020_05_15_190720_create_fees_table', 1),
(30, '2020_05_15_200643_create_amenities_table', 1),
(31, '2020_05_16_221511_create_amenity_unit_table', 1),
(32, '2020_05_16_221541_create_unit_utility_table', 1),
(33, '2020_05_22_094300_create_unit_types_table', 1),
(34, '2020_05_22_094327_create_tenant_types_table', 1),
(35, '2020_05_22_094351_create_lease_types_table', 1),
(36, '2020_05_22_094403_create_lease_modes_table', 1),
(37, '2020_05_22_143845_create_payment_frequencies_table', 1),
(38, '2020_05_22_143913_create_payment_methods_table', 1),
(39, '2020_05_28_184345_create_utility_bills_table', 1),
(40, '2020_12_16_074837_create_payment_method_properties_table', 1),
(41, '2020_12_16_074912_create_property_utility_costs_table', 1),
(42, '2020_12_16_074940_create_extra_charge_properties_table', 1),
(43, '2020_12_16_133847_create_extra_charges_table', 1),
(44, '2020_12_25_073315_create_unit_utility_bills', 1),
(45, '2020_12_28_054727_create_invoice_items_table', 1),
(46, '2020_12_29_084625_create_journals_table', 1),
(47, '2020_12_31_071728_create_ledgers_table', 1),
(48, '2021_01_02_074434_create_lease_units_table', 1),
(49, '2021_01_02_074503_create_lease_tenants_table', 1),
(50, '2021_01_02_074529_create_lease_utility_deposits_table', 1),
(51, '2021_01_02_074538_create_lease_utility_charges_table', 1),
(52, '2021_01_02_074550_create_lease_extra_charges_table', 1),
(53, '2021_02_03_042244_create_tasks_table', 1),
(54, '2021_05_02_084115_create_currencies_table', 1),
(55, '2021_06_03_081259_create_payments_table', 1),
(56, '2021_06_06_042903_create_general_settings_table', 1),
(57, '2021_06_15_134007_create_task_categories', 1),
(58, '2021_06_15_135245_create_vacation_notices', 1),
(59, '2021_06_17_120210_create_property_settings_table', 1),
(60, '2021_06_17_120238_create_tenant_settings_table', 1),
(61, '2021_06_17_120248_create_lease_settings_table', 1),
(62, '2021_06_19_094831_create_email_config_settings_table', 1),
(63, '2021_06_19_094910_create_sms_config_settings_table', 1),
(64, '2021_06_19_095039_create_sms_templates_table', 1),
(65, '2021_06_19_095058_create_email_templates_table', 1),
(66, '2021_06_19_095315_create_communication_settings_table', 1),
(67, '2021_06_20_093201_create_readings_table', 1),
(68, '2021_06_30_050705_create_transactions_table', 1),
(69, '2021_07_10_093644_create_system_notifications_table', 1),
(70, '2021_07_12_232738_create_documents_table', 1),
(71, '2021_07_16_073131_create_periods_table', 1),
(72, '2021_07_16_073935_create_period_properties_table', 1),
(73, '2021_07_27_094644_create_late_fees_table', 1),
(74, '2021_07_27_094811_create_late_fee_properties_table', 1),
(75, '2021_07_27_094908_create_lease_late_fees_table', 1),
(76, '2021_07_30_052233_create_waivers_table', 1),
(77, '2021_08_03_151049_create_payment_method_leases', 1),
(78, '2021_08_25_133913_create_paypal_payments', 1),
(79, '2021_08_26_151512_create_jobs_table', 1),
(80, '2022_05_08_231932_create_faptl_properties_table', 2),
(81, '2022_05_09_232845_create_faptl_property_images_table', 3);

-- --------------------------------------------------------

--
-- Table structure for table `oauth_access_tokens`
--

CREATE TABLE `oauth_access_tokens` (
  `id` varchar(100) COLLATE utf8mb4_unicode_ci NOT NULL,
  `client_id` char(36) COLLATE utf8mb4_unicode_ci NOT NULL,
  `name` varchar(191) COLLATE utf8mb4_unicode_ci DEFAULT NULL,
  `scopes` text COLLATE utf8mb4_unicode_ci DEFAULT NULL,
  `revoked` tinyint(1) NOT NULL,
  `created_at` timestamp NULL DEFAULT NULL,
  `updated_at` timestamp NULL DEFAULT NULL,
  `expires_at` datetime DEFAULT NULL,
  `user_id` char(36) COLLATE utf8mb4_unicode_ci DEFAULT NULL
) ENGINE=InnoDB DEFAULT CHARSET=utf8mb4 COLLATE=utf8mb4_unicode_ci;

--
-- Dumping data for table `oauth_access_tokens`
--

INSERT INTO `oauth_access_tokens` (`id`, `client_id`, `name`, `scopes`, `revoked`, `created_at`, `updated_at`, `expires_at`, `user_id`) VALUES
('0af2e3be30fa6bdd3f23ebd2d5d2785e7f314540f5862998e078a8db50b4eff7613425f7212dc30b', '1', NULL, '[\"view-lease\",\"approve-payment\",\"terminate-lease\",\"delete-lease\",\"delete-tenant\",\"create-tenant\",\"edit-property\",\"delete-notice\",\"view-landlord\",\"waive-invoice\",\"create-reading\",\"edit-profile\",\"create-payment\",\"view-report\",\"view-payment\",\"manage-setting\",\"view-tenant\",\"delete-reading\",\"edit-lease\",\"cancel-payment\",\"delete-property\",\"edit-notice\",\"edit-landlord\",\"create-property\",\"create-landlord\",\"delete-landlord\",\"edit-tenant\",\"create-lease\",\"view-invoice\",\"edit-reading\",\"view-reading\",\"view-notice\",\"view-property\",\"create-notice\",\"view-dashboard\"]', 0, '2022-05-26 13:46:10', '2022-05-26 13:46:10', '2022-05-27 00:46:10', '0047f744-fede-4067-84a5-82ba13afe6b4'),
('0e4e308ec7db673d3a68a969633da7f4755c6b79aa56364db8b4e3ea06babd8ec51c1ae47edd6dec', '1', NULL, '[\"view-lease\",\"approve-payment\",\"terminate-lease\",\"delete-lease\",\"delete-tenant\",\"create-tenant\",\"edit-property\",\"delete-notice\",\"view-landlord\",\"waive-invoice\",\"create-reading\",\"edit-profile\",\"create-payment\",\"view-report\",\"view-payment\",\"manage-setting\",\"view-tenant\",\"delete-reading\",\"edit-lease\",\"cancel-payment\",\"delete-property\",\"edit-notice\",\"edit-landlord\",\"create-property\",\"create-landlord\",\"delete-landlord\",\"edit-tenant\",\"create-lease\",\"view-invoice\",\"edit-reading\",\"view-reading\",\"view-notice\",\"view-property\",\"create-notice\",\"view-dashboard\"]', 0, '2022-05-10 13:47:31', '2022-05-10 13:47:31', '2022-05-11 00:47:31', '0047f744-fede-4067-84a5-82ba13afe6b4'),
('0f674553b2a1abab8cf9d0f04af5999f7dc8ec731f97ea42e1e3fae1cc4111c24eb160c934766c45', '1', NULL, '[\"view-lease\",\"approve-payment\",\"terminate-lease\",\"delete-lease\",\"delete-tenant\",\"create-tenant\",\"edit-property\",\"delete-notice\",\"view-landlord\",\"waive-invoice\",\"create-reading\",\"edit-profile\",\"create-payment\",\"view-report\",\"view-payment\",\"manage-setting\",\"view-tenant\",\"delete-reading\",\"edit-lease\",\"cancel-payment\",\"delete-property\",\"edit-notice\",\"edit-landlord\",\"create-property\",\"create-landlord\",\"delete-landlord\",\"edit-tenant\",\"create-lease\",\"view-invoice\",\"edit-reading\",\"view-reading\",\"view-notice\",\"view-property\",\"create-notice\",\"view-dashboard\"]', 0, '2022-05-08 18:22:13', '2022-05-08 18:22:13', '2022-05-09 05:22:13', '0047f744-fede-4067-84a5-82ba13afe6b4'),
('4a04995459508ceb1eb930450f5e0301009a8c8aafae09916c8a96ffc2cdcbb96ab9a2fbc0b12cad', '1', NULL, '[\"view-lease\",\"approve-payment\",\"terminate-lease\",\"delete-lease\",\"delete-tenant\",\"create-tenant\",\"edit-property\",\"delete-notice\",\"view-landlord\",\"waive-invoice\",\"create-reading\",\"edit-profile\",\"create-payment\",\"view-report\",\"view-payment\",\"manage-setting\",\"view-tenant\",\"delete-reading\",\"edit-lease\",\"cancel-payment\",\"delete-property\",\"edit-notice\",\"edit-landlord\",\"create-property\",\"create-landlord\",\"delete-landlord\",\"edit-tenant\",\"create-lease\",\"view-invoice\",\"edit-reading\",\"view-reading\",\"view-notice\",\"view-property\",\"create-notice\",\"view-dashboard\"]', 0, '2022-05-17 15:46:13', '2022-05-17 15:46:13', '2022-05-18 02:46:13', '0047f744-fede-4067-84a5-82ba13afe6b4'),
('4ff45efba6c913e998860d9dc40ee29ae2af6157c3e9631357b5dd9b34296b42d31c10a5d40f9a7e', '1', NULL, '[\"view-lease\",\"approve-payment\",\"terminate-lease\",\"delete-lease\",\"delete-tenant\",\"create-tenant\",\"edit-property\",\"delete-notice\",\"view-landlord\",\"waive-invoice\",\"create-reading\",\"edit-profile\",\"create-payment\",\"view-report\",\"view-payment\",\"manage-setting\",\"view-tenant\",\"delete-reading\",\"edit-lease\",\"cancel-payment\",\"delete-property\",\"edit-notice\",\"edit-landlord\",\"create-property\",\"create-landlord\",\"delete-landlord\",\"edit-tenant\",\"create-lease\",\"view-invoice\",\"edit-reading\",\"view-reading\",\"view-notice\",\"view-property\",\"create-notice\",\"view-dashboard\"]', 0, '2022-05-09 17:36:26', '2022-05-09 17:36:26', '2022-05-10 04:36:26', '0047f744-fede-4067-84a5-82ba13afe6b4'),
('68acd8e9858b4450fa4a917ce803793c83b8077aa04b963c7d9722d8fd1b53a8482ba5733b71fd24', '1', NULL, '[\"view-lease\",\"approve-payment\",\"terminate-lease\",\"delete-lease\",\"delete-tenant\",\"create-tenant\",\"edit-property\",\"delete-notice\",\"view-landlord\",\"waive-invoice\",\"create-reading\",\"edit-profile\",\"create-payment\",\"view-report\",\"view-payment\",\"manage-setting\",\"view-tenant\",\"delete-reading\",\"edit-lease\",\"cancel-payment\",\"delete-property\",\"edit-notice\",\"edit-landlord\",\"create-property\",\"create-landlord\",\"delete-landlord\",\"edit-tenant\",\"create-lease\",\"view-invoice\",\"edit-reading\",\"view-reading\",\"view-notice\",\"view-property\",\"create-notice\",\"view-dashboard\"]', 0, '2022-04-28 20:11:45', '2022-04-28 20:11:45', '2022-04-29 07:11:45', '0047f744-fede-4067-84a5-82ba13afe6b4'),
('7978a315564abb5a24c9ff732ecc83edc0be429a441410b4e2c5d3ca25d54d689d1b3ec070ad4cf3', '1', NULL, '[\"view-lease\",\"approve-payment\",\"terminate-lease\",\"delete-lease\",\"delete-tenant\",\"create-tenant\",\"edit-property\",\"delete-notice\",\"view-landlord\",\"waive-invoice\",\"create-reading\",\"edit-profile\",\"create-payment\",\"view-report\",\"view-payment\",\"manage-setting\",\"view-tenant\",\"delete-reading\",\"edit-lease\",\"cancel-payment\",\"delete-property\",\"edit-notice\",\"edit-landlord\",\"create-property\",\"create-landlord\",\"delete-landlord\",\"edit-tenant\",\"create-lease\",\"view-invoice\",\"edit-reading\",\"view-reading\",\"view-notice\",\"view-property\",\"create-notice\",\"view-dashboard\"]', 0, '2022-04-23 03:56:46', '2022-04-23 03:56:46', '2022-04-23 14:56:46', '0047f744-fede-4067-84a5-82ba13afe6b4'),
('89efb12070e4d46a4dd4cd839d55296f8163479daee2da3975b0c24141f2ff9dac14fc9d6a9a59ee', '1', NULL, '[\"view-lease\",\"approve-payment\",\"terminate-lease\",\"delete-lease\",\"delete-tenant\",\"create-tenant\",\"edit-property\",\"delete-notice\",\"view-landlord\",\"waive-invoice\",\"create-reading\",\"edit-profile\",\"create-payment\",\"view-report\",\"view-payment\",\"manage-setting\",\"view-tenant\",\"delete-reading\",\"edit-lease\",\"cancel-payment\",\"delete-property\",\"edit-notice\",\"edit-landlord\",\"create-property\",\"create-landlord\",\"delete-landlord\",\"edit-tenant\",\"create-lease\",\"view-invoice\",\"edit-reading\",\"view-reading\",\"view-notice\",\"view-property\",\"create-notice\",\"view-dashboard\"]', 0, '2022-04-28 20:13:49', '2022-04-28 20:13:49', '2022-04-29 07:13:49', '0047f744-fede-4067-84a5-82ba13afe6b4'),
('c5a30a019a6ce125190cadfddae3cbf7509bfe25caf3854930b039948e0933f1fd86848d445ff879', '1', NULL, '[\"view-lease\",\"approve-payment\",\"terminate-lease\",\"delete-lease\",\"delete-tenant\",\"create-tenant\",\"edit-property\",\"delete-notice\",\"view-landlord\",\"waive-invoice\",\"create-reading\",\"edit-profile\",\"create-payment\",\"view-report\",\"view-payment\",\"manage-setting\",\"view-tenant\",\"delete-reading\",\"edit-lease\",\"cancel-payment\",\"delete-property\",\"edit-notice\",\"edit-landlord\",\"create-property\",\"create-landlord\",\"delete-landlord\",\"edit-tenant\",\"create-lease\",\"view-invoice\",\"edit-reading\",\"view-reading\",\"view-notice\",\"view-property\",\"create-notice\",\"view-dashboard\"]', 0, '2022-04-23 03:17:16', '2022-04-23 03:17:16', '2022-04-23 14:17:16', '0047f744-fede-4067-84a5-82ba13afe6b4'),
('c8b1d7e99216a5efd80f0c5cc08a2d69a49ea93a865459cfaa9ca69a4adba88f7e7417564472db30', '1', NULL, '[\"view-lease\",\"approve-payment\",\"terminate-lease\",\"delete-lease\",\"delete-tenant\",\"create-tenant\",\"edit-property\",\"delete-notice\",\"view-landlord\",\"waive-invoice\",\"create-reading\",\"edit-profile\",\"create-payment\",\"view-report\",\"view-payment\",\"manage-setting\",\"view-tenant\",\"delete-reading\",\"edit-lease\",\"cancel-payment\",\"delete-property\",\"edit-notice\",\"edit-landlord\",\"create-property\",\"create-landlord\",\"delete-landlord\",\"edit-tenant\",\"create-lease\",\"view-invoice\",\"edit-reading\",\"view-reading\",\"view-notice\",\"view-property\",\"create-notice\",\"view-dashboard\"]', 0, '2022-05-26 13:46:34', '2022-05-26 13:46:34', '2022-05-27 00:46:34', '0047f744-fede-4067-84a5-82ba13afe6b4'),
('cc4f4f83ef55c88e6639cd972f1a0fdeeba5d7a1093763973864bb48ea5b18312efca36d0f0c1b2d', '1', NULL, '[\"view-lease\",\"approve-payment\",\"terminate-lease\",\"delete-lease\",\"delete-tenant\",\"create-tenant\",\"edit-property\",\"delete-notice\",\"view-landlord\",\"waive-invoice\",\"create-reading\",\"edit-profile\",\"create-payment\",\"view-report\",\"view-payment\",\"manage-setting\",\"view-tenant\",\"delete-reading\",\"edit-lease\",\"cancel-payment\",\"delete-property\",\"edit-notice\",\"edit-landlord\",\"create-property\",\"create-landlord\",\"delete-landlord\",\"edit-tenant\",\"create-lease\",\"view-invoice\",\"edit-reading\",\"view-reading\",\"view-notice\",\"view-property\",\"create-notice\",\"view-dashboard\"]', 0, '2022-04-29 17:05:09', '2022-04-29 17:05:09', '2022-04-30 04:05:09', '0047f744-fede-4067-84a5-82ba13afe6b4'),
('cd5261e962553eb5a0fbc95349c88bfb4eae1683ca040dae858f03fbdcdc08f4445c9d42c0d18330', '1', NULL, '[\"view-lease\",\"approve-payment\",\"terminate-lease\",\"delete-lease\",\"delete-tenant\",\"create-tenant\",\"edit-property\",\"delete-notice\",\"view-landlord\",\"waive-invoice\",\"create-reading\",\"edit-profile\",\"create-payment\",\"view-report\",\"view-payment\",\"manage-setting\",\"view-tenant\",\"delete-reading\",\"edit-lease\",\"cancel-payment\",\"delete-property\",\"edit-notice\",\"edit-landlord\",\"create-property\",\"create-landlord\",\"delete-landlord\",\"edit-tenant\",\"create-lease\",\"view-invoice\",\"edit-reading\",\"view-reading\",\"view-notice\",\"view-property\",\"create-notice\",\"view-dashboard\"]', 0, '2022-05-12 14:06:54', '2022-05-12 14:06:54', '2022-05-13 01:06:54', '0047f744-fede-4067-84a5-82ba13afe6b4'),
('e675e39e4819019253abd0cba3400043ff9b397e56dc24340ce246ea6a1523924bd7acf2cc951da3', '1', NULL, '[\"view-lease\",\"approve-payment\",\"terminate-lease\",\"delete-lease\",\"delete-tenant\",\"create-tenant\",\"edit-property\",\"delete-notice\",\"view-landlord\",\"waive-invoice\",\"create-reading\",\"edit-profile\",\"create-payment\",\"view-report\",\"view-payment\",\"manage-setting\",\"view-tenant\",\"delete-reading\",\"edit-lease\",\"cancel-payment\",\"delete-property\",\"edit-notice\",\"edit-landlord\",\"create-property\",\"create-landlord\",\"delete-landlord\",\"edit-tenant\",\"create-lease\",\"view-invoice\",\"edit-reading\",\"view-reading\",\"view-notice\",\"view-property\",\"create-notice\",\"view-dashboard\"]', 0, '2022-05-17 15:09:39', '2022-05-17 15:09:39', '2022-05-18 02:09:39', '0047f744-fede-4067-84a5-82ba13afe6b4'),
('ff30efce795f86e2f1f4db98a4741e637868a2128b8460bfa61193f483d1f48942cbb5bfb9f3812c', '1', NULL, '[\"view-lease\",\"approve-payment\",\"terminate-lease\",\"delete-lease\",\"delete-tenant\",\"create-tenant\",\"edit-property\",\"delete-notice\",\"view-landlord\",\"waive-invoice\",\"create-reading\",\"edit-profile\",\"create-payment\",\"view-report\",\"view-payment\",\"manage-setting\",\"view-tenant\",\"delete-reading\",\"edit-lease\",\"cancel-payment\",\"delete-property\",\"edit-notice\",\"edit-landlord\",\"create-property\",\"create-landlord\",\"delete-landlord\",\"edit-tenant\",\"create-lease\",\"view-invoice\",\"edit-reading\",\"view-reading\",\"view-notice\",\"view-property\",\"create-notice\",\"view-dashboard\"]', 0, '2022-04-23 03:27:37', '2022-04-23 03:27:37', '2022-04-23 14:27:37', '0047f744-fede-4067-84a5-82ba13afe6b4');

-- --------------------------------------------------------

--
-- Table structure for table `oauth_auth_codes`
--

CREATE TABLE `oauth_auth_codes` (
  `id` varchar(100) COLLATE utf8mb4_unicode_ci NOT NULL,
  `client_id` char(36) COLLATE utf8mb4_unicode_ci NOT NULL,
  `scopes` text COLLATE utf8mb4_unicode_ci DEFAULT NULL,
  `revoked` tinyint(1) NOT NULL,
  `expires_at` datetime DEFAULT NULL,
  `user_id` char(36) COLLATE utf8mb4_unicode_ci DEFAULT NULL
) ENGINE=InnoDB DEFAULT CHARSET=utf8mb4 COLLATE=utf8mb4_unicode_ci;

-- --------------------------------------------------------

--
-- Table structure for table `oauth_clients`
--

CREATE TABLE `oauth_clients` (
  `id` bigint(20) UNSIGNED NOT NULL,
  `name` varchar(191) COLLATE utf8mb4_unicode_ci NOT NULL,
  `secret` varchar(100) COLLATE utf8mb4_unicode_ci DEFAULT NULL,
  `provider` varchar(191) COLLATE utf8mb4_unicode_ci DEFAULT NULL,
  `redirect` text COLLATE utf8mb4_unicode_ci NOT NULL,
  `personal_access_client` tinyint(1) NOT NULL,
  `password_client` tinyint(1) NOT NULL,
  `revoked` tinyint(1) NOT NULL,
  `created_at` timestamp NULL DEFAULT NULL,
  `updated_at` timestamp NULL DEFAULT NULL,
  `user_id` char(36) COLLATE utf8mb4_unicode_ci DEFAULT NULL
) ENGINE=InnoDB DEFAULT CHARSET=utf8mb4 COLLATE=utf8mb4_unicode_ci;

--
-- Dumping data for table `oauth_clients`
--

INSERT INTO `oauth_clients` (`id`, `name`, `secret`, `provider`, `redirect`, `personal_access_client`, `password_client`, `revoked`, `created_at`, `updated_at`, `user_id`) VALUES
(1, 'Laravel Admin Client', 'CIQQ2UxBDbKzagKHR4GndQHi8qwNPAgmcSVukzYv', 'users', 'http://localhost', 0, 1, 0, '2022-04-23 03:16:59', '2022-04-23 03:16:59', NULL),
(2, 'Laravel Landlord Client', 'pMWsnbgJRrMouDoLL3ZmPE1LdBYUVniJW4trYr3i', 'landlords', 'http://localhost', 0, 1, 0, '2022-04-23 03:16:59', '2022-04-23 03:16:59', NULL),
(3, 'Laravel Tenant Client', '2A2Pfcyq38j4XhgbckGDXtDPfhDIKxiKGoPJYzf7', 'tenants', 'http://localhost', 0, 1, 0, '2022-04-23 03:16:59', '2022-04-23 03:16:59', NULL);

-- --------------------------------------------------------

--
-- Table structure for table `oauth_personal_access_clients`
--

CREATE TABLE `oauth_personal_access_clients` (
  `id` bigint(20) UNSIGNED NOT NULL,
  `client_id` char(36) COLLATE utf8mb4_unicode_ci NOT NULL,
  `created_at` timestamp NULL DEFAULT NULL,
  `updated_at` timestamp NULL DEFAULT NULL
) ENGINE=InnoDB DEFAULT CHARSET=utf8mb4 COLLATE=utf8mb4_unicode_ci;

-- --------------------------------------------------------

--
-- Table structure for table `oauth_refresh_tokens`
--

CREATE TABLE `oauth_refresh_tokens` (
  `id` varchar(100) COLLATE utf8mb4_unicode_ci NOT NULL,
  `access_token_id` varchar(100) COLLATE utf8mb4_unicode_ci NOT NULL,
  `revoked` tinyint(1) NOT NULL,
  `expires_at` datetime DEFAULT NULL
) ENGINE=InnoDB DEFAULT CHARSET=utf8mb4 COLLATE=utf8mb4_unicode_ci;

--
-- Dumping data for table `oauth_refresh_tokens`
--

INSERT INTO `oauth_refresh_tokens` (`id`, `access_token_id`, `revoked`, `expires_at`) VALUES
('11116d661355a36231a07bc345b26bad2a9357fd383cbea9583d7725148e74102d21aab0024691db', 'cc4f4f83ef55c88e6639cd972f1a0fdeeba5d7a1093763973864bb48ea5b18312efca36d0f0c1b2d', 0, '2022-04-30 04:05:10'),
('19c761e40e5e19f09155abc46b99f674777247272398ddf28fcefbca07b997be3f54cc725e6e67a4', 'ff30efce795f86e2f1f4db98a4741e637868a2128b8460bfa61193f483d1f48942cbb5bfb9f3812c', 0, '2022-04-23 14:27:37'),
('5dbf11f5eb351954fef934c31b032a6748da8ae3dbb5b5c9df5356f1ee759873bf151a7a8821d02a', '68acd8e9858b4450fa4a917ce803793c83b8077aa04b963c7d9722d8fd1b53a8482ba5733b71fd24', 0, '2022-04-29 07:11:45'),
('70569b60081202db552dd49cb88e5b401f32f8795199e3b3c727699c0a66ffec5be7f22c30e5e490', '4ff45efba6c913e998860d9dc40ee29ae2af6157c3e9631357b5dd9b34296b42d31c10a5d40f9a7e', 0, '2022-05-10 04:36:26'),
('736b00bb319119a9ff58ca588823a89de25cbca718273688ea9f4c4d1c175aebf564f39055f03224', '7978a315564abb5a24c9ff732ecc83edc0be429a441410b4e2c5d3ca25d54d689d1b3ec070ad4cf3', 0, '2022-04-23 14:56:46'),
('753db9687b61f21411b163541a15d2e559e87cec399f099e9b830d640a59efd723c6dddac1dc335b', '0af2e3be30fa6bdd3f23ebd2d5d2785e7f314540f5862998e078a8db50b4eff7613425f7212dc30b', 0, '2022-05-27 00:46:10'),
('77229caa99d4beb72d6835fc92339975eb8556bd74dc118e16afd5d72b538f8a714d94470655e127', '0e4e308ec7db673d3a68a969633da7f4755c6b79aa56364db8b4e3ea06babd8ec51c1ae47edd6dec', 0, '2022-05-11 00:47:31'),
('7d234490acb96c0f57cbcb824d61e398888e5b73c631f63bd959552a311e1b8ff3d7efa32e362cbe', '0f674553b2a1abab8cf9d0f04af5999f7dc8ec731f97ea42e1e3fae1cc4111c24eb160c934766c45', 0, '2022-05-09 05:22:14'),
('83cfd26e5d0bf3d300b075a38f63fd42830f6ab17439004616561cd7c24ccb0e1f1842490eb48617', '89efb12070e4d46a4dd4cd839d55296f8163479daee2da3975b0c24141f2ff9dac14fc9d6a9a59ee', 0, '2022-04-29 07:13:49'),
('8509c2436d496661cc3bc58e188ae7a51876ed115a096ba61d236cc8a66eaa1422e6835723bc82b0', 'c5a30a019a6ce125190cadfddae3cbf7509bfe25caf3854930b039948e0933f1fd86848d445ff879', 0, '2022-04-23 14:17:16'),
('bdd9ac66ed942f8deb49cccb9449b9eab8a76715777b8b6d220fbd6e6d4fe982bdcf7c643f4bdcee', '4a04995459508ceb1eb930450f5e0301009a8c8aafae09916c8a96ffc2cdcbb96ab9a2fbc0b12cad', 0, '2022-05-18 02:46:13'),
('ea0f1c2a6196c192c6be200726a69c89227a9be53db413ae7c0ef2fa846d8ed06dac68745bc7ed61', 'c8b1d7e99216a5efd80f0c5cc08a2d69a49ea93a865459cfaa9ca69a4adba88f7e7417564472db30', 0, '2022-05-27 00:46:34'),
('eed37de38c1840a6ca2d112960f4c43ce61b7310f795152b14b1932e25236191c9d3b280f64ee3d5', 'cd5261e962553eb5a0fbc95349c88bfb4eae1683ca040dae858f03fbdcdc08f4445c9d42c0d18330', 0, '2022-05-13 01:06:54'),
('f2ee7a470332ab3ca43734163e98972429407b08e7b9e7cd33eaa327a1ba0e68179f28841a2f975d', 'e675e39e4819019253abd0cba3400043ff9b397e56dc24340ce246ea6a1523924bd7acf2cc951da3', 0, '2022-05-18 02:09:39');

-- --------------------------------------------------------

--
-- Table structure for table `password_resets`
--

CREATE TABLE `password_resets` (
  `email` varchar(191) COLLATE utf8mb4_unicode_ci NOT NULL,
  `token` varchar(191) COLLATE utf8mb4_unicode_ci NOT NULL,
  `created_at` timestamp NULL DEFAULT NULL
) ENGINE=InnoDB DEFAULT CHARSET=utf8mb4 COLLATE=utf8mb4_unicode_ci;

-- --------------------------------------------------------

--
-- Table structure for table `payments`
--

CREATE TABLE `payments` (
  `id` char(36) COLLATE utf8mb4_unicode_ci NOT NULL,
  `agent_id` varchar(36) COLLATE utf8mb4_unicode_ci DEFAULT NULL,
  `payment_method_id` varchar(36) COLLATE utf8mb4_unicode_ci NOT NULL,
  `currency_id` varchar(36) COLLATE utf8mb4_unicode_ci DEFAULT NULL,
  `tenant_id` varchar(36) COLLATE utf8mb4_unicode_ci NOT NULL,
  `lease_id` varchar(36) COLLATE utf8mb4_unicode_ci NOT NULL,
  `property_id` varchar(36) COLLATE utf8mb4_unicode_ci DEFAULT NULL,
  `lease_number` varchar(191) COLLATE utf8mb4_unicode_ci NOT NULL,
  `payment_date` datetime NOT NULL,
  `amount` int(11) NOT NULL,
  `notes` varchar(191) COLLATE utf8mb4_unicode_ci DEFAULT NULL,
  `attachment` varchar(191) COLLATE utf8mb4_unicode_ci DEFAULT NULL,
  `receipt_number` varchar(191) COLLATE utf8mb4_unicode_ci NOT NULL,
  `paid_by` varchar(191) COLLATE utf8mb4_unicode_ci DEFAULT NULL,
  `reference_number` varchar(191) COLLATE utf8mb4_unicode_ci DEFAULT NULL,
  `payment_status` enum('approved','pending','cancelled') COLLATE utf8mb4_unicode_ci NOT NULL DEFAULT 'pending',
  `cancel_notes` varchar(191) COLLATE utf8mb4_unicode_ci DEFAULT NULL,
  `cancelled_by` varchar(191) COLLATE utf8mb4_unicode_ci DEFAULT NULL,
  `approved_by` varchar(191) COLLATE utf8mb4_unicode_ci DEFAULT NULL,
  `created_by` varchar(191) COLLATE utf8mb4_unicode_ci DEFAULT NULL,
  `updated_by` varchar(191) COLLATE utf8mb4_unicode_ci DEFAULT NULL,
  `deleted_by` varchar(191) COLLATE utf8mb4_unicode_ci DEFAULT NULL,
  `deleted_at` timestamp NULL DEFAULT NULL,
  `created_at` timestamp NULL DEFAULT NULL,
  `updated_at` timestamp NULL DEFAULT NULL
) ENGINE=InnoDB DEFAULT CHARSET=utf8mb4 COLLATE=utf8mb4_unicode_ci;

--
-- Dumping data for table `payments`
--

INSERT INTO `payments` (`id`, `agent_id`, `payment_method_id`, `currency_id`, `tenant_id`, `lease_id`, `property_id`, `lease_number`, `payment_date`, `amount`, `notes`, `attachment`, `receipt_number`, `paid_by`, `reference_number`, `payment_status`, `cancel_notes`, `cancelled_by`, `approved_by`, `created_by`, `updated_by`, `deleted_by`, `deleted_at`, `created_at`, `updated_at`) VALUES
('c2b4e3fd-01f9-46ea-966b-e8d5e0f0e243', NULL, '97372c7c-551b-4e27-9e12-0304529497a0', NULL, 'eb52ab0d-722e-4cba-82d9-a8c84f008b98', '55ebd3bd-5af1-42d0-875b-5d61eb3fe526', '9a470677-b4d4-4211-aa42-96dc5bbf3622', 'LS0001', '2022-04-22 21:00:00', 500, 'Monthly Bill', NULL, 'RCT-0001', 'by joy', 'ewrwer', 'pending', NULL, NULL, NULL, NULL, NULL, NULL, NULL, '2022-04-23 06:14:55', '2022-04-23 06:14:55');

-- --------------------------------------------------------

--
-- Table structure for table `payment_frequencies`
--

CREATE TABLE `payment_frequencies` (
  `id` varchar(36) COLLATE utf8mb4_unicode_ci NOT NULL,
  `payment_frequency_name` varchar(191) COLLATE utf8mb4_unicode_ci NOT NULL,
  `payment_frequency_display_name` varchar(191) COLLATE utf8mb4_unicode_ci NOT NULL,
  `payment_frequency_description` varchar(191) COLLATE utf8mb4_unicode_ci DEFAULT NULL,
  `deleted_at` timestamp NULL DEFAULT NULL,
  `created_at` timestamp NULL DEFAULT NULL,
  `updated_at` timestamp NULL DEFAULT NULL
) ENGINE=InnoDB DEFAULT CHARSET=utf8mb4 COLLATE=utf8mb4_unicode_ci;

--
-- Dumping data for table `payment_frequencies`
--

INSERT INTO `payment_frequencies` (`id`, `payment_frequency_name`, `payment_frequency_display_name`, `payment_frequency_description`, `deleted_at`, `created_at`, `updated_at`) VALUES
('b1c7905c-b753-4134-9d6e-47abe6b50c36', 'monthly', 'Monthly', 'Monthly', NULL, '2022-04-23 03:16:57', '2022-04-23 03:16:57'),
('d614e6f6-57d0-4942-a126-d0b744507d4f', 'weekly', 'Weekly', 'Weekly', NULL, '2022-04-23 03:16:57', '2022-04-23 03:16:57');

-- --------------------------------------------------------

--
-- Table structure for table `payment_methods`
--

CREATE TABLE `payment_methods` (
  `id` varchar(36) COLLATE utf8mb4_unicode_ci NOT NULL,
  `payment_method_name` varchar(191) COLLATE utf8mb4_unicode_ci NOT NULL,
  `payment_method_display_name` varchar(191) COLLATE utf8mb4_unicode_ci NOT NULL,
  `payment_method_description` varchar(191) COLLATE utf8mb4_unicode_ci DEFAULT NULL,
  `deleted_at` timestamp NULL DEFAULT NULL,
  `created_at` timestamp NULL DEFAULT NULL,
  `updated_at` timestamp NULL DEFAULT NULL
) ENGINE=InnoDB DEFAULT CHARSET=utf8mb4 COLLATE=utf8mb4_unicode_ci;

--
-- Dumping data for table `payment_methods`
--

INSERT INTO `payment_methods` (`id`, `payment_method_name`, `payment_method_display_name`, `payment_method_description`, `deleted_at`, `created_at`, `updated_at`) VALUES
('97372c7c-551b-4e27-9e12-0304529497a0', 'cash', 'Cash', 'Cash', NULL, '2022-04-23 03:16:57', '2022-04-23 03:16:57');

-- --------------------------------------------------------

--
-- Table structure for table `payment_method_leases`
--

CREATE TABLE `payment_method_leases` (
  `id` bigint(20) UNSIGNED NOT NULL,
  `lease_id` char(36) COLLATE utf8mb4_unicode_ci NOT NULL,
  `payment_method_id` char(36) COLLATE utf8mb4_unicode_ci NOT NULL,
  `payment_method_description` varchar(191) COLLATE utf8mb4_unicode_ci DEFAULT NULL,
  `created_at` timestamp NULL DEFAULT NULL,
  `updated_at` timestamp NULL DEFAULT NULL
) ENGINE=InnoDB DEFAULT CHARSET=utf8mb4 COLLATE=utf8mb4_unicode_ci;

--
-- Dumping data for table `payment_method_leases`
--

INSERT INTO `payment_method_leases` (`id`, `lease_id`, `payment_method_id`, `payment_method_description`, `created_at`, `updated_at`) VALUES
(1, '55ebd3bd-5af1-42d0-875b-5d61eb3fe526', '97372c7c-551b-4e27-9e12-0304529497a0', 'Cash', NULL, NULL);

-- --------------------------------------------------------

--
-- Table structure for table `payment_method_properties`
--

CREATE TABLE `payment_method_properties` (
  `id` bigint(20) UNSIGNED NOT NULL,
  `property_id` char(36) COLLATE utf8mb4_unicode_ci NOT NULL,
  `payment_method_id` char(36) COLLATE utf8mb4_unicode_ci NOT NULL,
  `payment_method_description` varchar(191) COLLATE utf8mb4_unicode_ci DEFAULT NULL,
  `created_at` timestamp NULL DEFAULT NULL,
  `updated_at` timestamp NULL DEFAULT NULL
) ENGINE=InnoDB DEFAULT CHARSET=utf8mb4 COLLATE=utf8mb4_unicode_ci;

--
-- Dumping data for table `payment_method_properties`
--

INSERT INTO `payment_method_properties` (`id`, `property_id`, `payment_method_id`, `payment_method_description`, `created_at`, `updated_at`) VALUES
(1, '9a470677-b4d4-4211-aa42-96dc5bbf3622', '97372c7c-551b-4e27-9e12-0304529497a0', 'Payment Method Description', NULL, NULL);

-- --------------------------------------------------------

--
-- Table structure for table `paypal_payments`
--

CREATE TABLE `paypal_payments` (
  `id` char(36) COLLATE utf8mb4_unicode_ci NOT NULL,
  `merchant_id` varchar(191) COLLATE utf8mb4_unicode_ci DEFAULT NULL,
  `payment_id` varchar(191) COLLATE utf8mb4_unicode_ci DEFAULT NULL,
  `payer_id` varchar(191) COLLATE utf8mb4_unicode_ci DEFAULT NULL,
  `payer_email` varchar(191) COLLATE utf8mb4_unicode_ci DEFAULT NULL,
  `amount` double(10,2) DEFAULT NULL,
  `payment_status` varchar(191) COLLATE utf8mb4_unicode_ci DEFAULT NULL,
  `status` varchar(191) COLLATE utf8mb4_unicode_ci DEFAULT NULL,
  `user_seller_id` varchar(191) COLLATE utf8mb4_unicode_ci DEFAULT NULL,
  `pay_order_no` varchar(191) COLLATE utf8mb4_unicode_ci DEFAULT NULL,
  `order_name` varchar(191) COLLATE utf8mb4_unicode_ci DEFAULT NULL,
  `total_fee` varchar(191) COLLATE utf8mb4_unicode_ci DEFAULT NULL,
  `body` varchar(191) COLLATE utf8mb4_unicode_ci DEFAULT NULL,
  `notify_url` varchar(191) COLLATE utf8mb4_unicode_ci DEFAULT NULL,
  `return_url` varchar(191) COLLATE utf8mb4_unicode_ci DEFAULT NULL,
  `pay_type` varchar(191) COLLATE utf8mb4_unicode_ci DEFAULT NULL,
  `sign` varchar(191) COLLATE utf8mb4_unicode_ci DEFAULT NULL,
  `currency` varchar(191) COLLATE utf8mb4_unicode_ci DEFAULT NULL,
  `http_referer` varchar(191) COLLATE utf8mb4_unicode_ci DEFAULT NULL,
  `deleted_at` timestamp NULL DEFAULT NULL,
  `created_at` timestamp NULL DEFAULT NULL,
  `updated_at` timestamp NULL DEFAULT NULL
) ENGINE=InnoDB DEFAULT CHARSET=utf8mb4 COLLATE=utf8mb4_unicode_ci;

-- --------------------------------------------------------

--
-- Table structure for table `periods`
--

CREATE TABLE `periods` (
  `id` char(36) COLLATE utf8mb4_unicode_ci NOT NULL,
  `name` varchar(191) COLLATE utf8mb4_unicode_ci NOT NULL,
  `from` varchar(191) COLLATE utf8mb4_unicode_ci DEFAULT NULL,
  `to` varchar(191) COLLATE utf8mb4_unicode_ci DEFAULT NULL,
  `deleted_at` timestamp NULL DEFAULT NULL,
  `created_at` timestamp NULL DEFAULT NULL,
  `updated_at` timestamp NULL DEFAULT NULL
) ENGINE=InnoDB DEFAULT CHARSET=utf8mb4 COLLATE=utf8mb4_unicode_ci;

--
-- Dumping data for table `periods`
--

INSERT INTO `periods` (`id`, `name`, `from`, `to`, `deleted_at`, `created_at`, `updated_at`) VALUES
('14a34f8d-ca1b-45d8-ba4d-9c493a5e2087', 'April, 2022', NULL, NULL, NULL, '2022-04-23 06:14:01', '2022-04-23 06:14:01');

-- --------------------------------------------------------

--
-- Table structure for table `period_properties`
--

CREATE TABLE `period_properties` (
  `id` int(10) UNSIGNED NOT NULL,
  `period_id` char(36) COLLATE utf8mb4_unicode_ci NOT NULL,
  `property_id` char(36) COLLATE utf8mb4_unicode_ci NOT NULL
) ENGINE=InnoDB DEFAULT CHARSET=utf8mb4 COLLATE=utf8mb4_unicode_ci;

--
-- Dumping data for table `period_properties`
--

INSERT INTO `period_properties` (`id`, `period_id`, `property_id`) VALUES
(1, '14a34f8d-ca1b-45d8-ba4d-9c493a5e2087', '9a470677-b4d4-4211-aa42-96dc5bbf3622');

-- --------------------------------------------------------

--
-- Table structure for table `permissions`
--

CREATE TABLE `permissions` (
  `id` char(36) COLLATE utf8mb4_unicode_ci NOT NULL,
  `name` varchar(191) COLLATE utf8mb4_unicode_ci NOT NULL,
  `display_name` varchar(191) COLLATE utf8mb4_unicode_ci NOT NULL,
  `description` varchar(191) COLLATE utf8mb4_unicode_ci DEFAULT NULL,
  `deleted_at` timestamp NULL DEFAULT NULL,
  `created_at` timestamp NULL DEFAULT NULL,
  `updated_at` timestamp NULL DEFAULT NULL
) ENGINE=InnoDB DEFAULT CHARSET=utf8mb4 COLLATE=utf8mb4_unicode_ci;

--
-- Dumping data for table `permissions`
--

INSERT INTO `permissions` (`id`, `name`, `display_name`, `description`, `deleted_at`, `created_at`, `updated_at`) VALUES
('0f3fe3a3-a603-4bd0-aefe-2f808c3ed5f5', 'view-lease', 'view-lease', 'view-lease', NULL, '2022-04-23 03:16:57', '2022-04-23 03:16:57'),
('3dc31259-7421-4ee4-a20e-c540d7bb67c2', 'approve-payment', 'approve-payment', 'approve-payment', NULL, '2022-04-23 03:16:57', '2022-04-23 03:16:57'),
('40e654e7-607b-496a-9c95-615c9dfaed73', 'terminate-lease', 'terminate-lease', 'terminate-lease', NULL, '2022-04-23 03:16:57', '2022-04-23 03:16:57'),
('41baecd3-c498-408f-a745-d30ab3c4c0ff', 'delete-lease', 'delete-lease', 'delete-lease', NULL, '2022-04-23 03:16:57', '2022-04-23 03:16:57'),
('4d66e5cc-b5c9-4db1-beff-6e75b5d582f0', 'delete-tenant', 'delete-tenant', 'delete-tenant', NULL, '2022-04-23 03:16:57', '2022-04-23 03:16:57'),
('5e178b61-175b-4cc5-84f5-58b0289559e0', 'create-tenant', 'create-tenant', 'create-tenant', NULL, '2022-04-23 03:16:57', '2022-04-23 03:16:57'),
('60ac3bbf-a6a6-4c18-93d6-3e8757fe1fbb', 'edit-property', 'edit-property', 'edit-property', NULL, '2022-04-23 03:16:57', '2022-04-23 03:16:57'),
('65781725-59c8-4444-bee9-7ab8bb7e5777', 'delete-notice', 'delete-notice', 'delete-notice', NULL, '2022-04-23 03:16:57', '2022-04-23 03:16:57'),
('6631d5eb-7eb9-4196-8b41-b902e7585e67', 'view-landlord', 'view-landlord', 'view-landlord', NULL, '2022-04-23 03:16:57', '2022-04-23 03:16:57'),
('66dd4e44-ac77-46db-9e27-662273033d47', 'waive-invoice', 'waive-invoice', 'waive-invoice', NULL, '2022-04-23 03:16:57', '2022-04-23 03:16:57'),
('68eda1c2-5b8f-4855-a523-c407be6403bf', 'create-reading', 'create-reading', 'create-reading', NULL, '2022-04-23 03:16:57', '2022-04-23 03:16:57'),
('6fccee98-9c77-4b00-84e6-0465d218cd3f', 'edit-profile', 'edit-profile', 'edit-profile', NULL, '2022-04-23 03:16:57', '2022-04-23 03:16:57'),
('7106f7f7-731a-495e-a2a5-c49c066c2dae', 'create-payment', 'create-payment', 'create-payment', NULL, '2022-04-23 03:16:57', '2022-04-23 03:16:57'),
('7f7f386b-ca36-4309-a4da-55b3b4ab5736', 'view-report', 'view-report', 'view-report', NULL, '2022-04-23 03:16:57', '2022-04-23 03:16:57'),
('83d1f997-8a09-4d32-8a03-dc2c04ec9684', 'view-payment', 'view-payment', 'view-payment', NULL, '2022-04-23 03:16:57', '2022-04-23 03:16:57'),
('952c5b35-e235-4f17-bbec-bfd55e96922a', 'manage-setting', 'manage-setting', 'manage-setting', NULL, '2022-04-23 03:16:57', '2022-04-23 03:16:57'),
('95ff37bf-957a-4f4f-a6e5-bf2a23fdc0b2', 'view-tenant', 'view-tenant', 'view-tenant', NULL, '2022-04-23 03:16:57', '2022-04-23 03:16:57'),
('9a46c9d2-61a1-4fb3-93e3-cd728086a523', 'delete-reading', 'delete-reading', 'delete-reading', NULL, '2022-04-23 03:16:57', '2022-04-23 03:16:57'),
('9a4cb2fb-2cdc-4217-9ad5-6ac6297626d7', 'edit-lease', 'edit-lease', 'edit-lease', NULL, '2022-04-23 03:16:57', '2022-04-23 03:16:57'),
('a2a789b0-1001-4a0c-85d0-ad6f56e6cc09', 'cancel-payment', 'cancel-payment', 'cancel-payment', NULL, '2022-04-23 03:16:57', '2022-04-23 03:16:57'),
('a6d4f285-3ee8-48f1-b8d7-e89875e7c3de', 'delete-property', 'delete-property', 'delete-property', NULL, '2022-04-23 03:16:57', '2022-04-23 03:16:57'),
('ab0beca5-2cde-437b-9dc5-7923f013e37f', 'edit-notice', 'edit-notice', 'edit-notice', NULL, '2022-04-23 03:16:57', '2022-04-23 03:16:57'),
('adf183cb-d8a1-4b64-9299-aa7223710d50', 'edit-landlord', 'edit-landlord', 'edit-landlord', NULL, '2022-04-23 03:16:57', '2022-04-23 03:16:57'),
('b9977887-cf79-41fb-b488-80b76eb7e05d', 'create-property', 'create-property', 'create-property', NULL, '2022-04-23 03:16:57', '2022-04-23 03:16:57'),
('be711990-f487-4889-a761-0848061b8c7c', 'create-landlord', 'create-landlord', 'create-landlord', NULL, '2022-04-23 03:16:57', '2022-04-23 03:16:57'),
('bf85d0bc-9622-4772-812b-78f7679bb0b3', 'delete-landlord', 'delete-landlord', 'delete-landlord', NULL, '2022-04-23 03:16:57', '2022-04-23 03:16:57'),
('c1ea13de-3b8f-495a-b316-3d81585edc2d', 'edit-tenant', 'edit-tenant', 'edit-tenant', NULL, '2022-04-23 03:16:57', '2022-04-23 03:16:57'),
('c1fec291-f9f2-437a-b2ae-ae415a974045', 'create-lease', 'create-lease', 'create-lease', NULL, '2022-04-23 03:16:57', '2022-04-23 03:16:57'),
('c6a599f0-19e9-48b7-9fd0-c626a8496ae9', 'view-invoice', 'view-invoice', 'view-invoice', NULL, '2022-04-23 03:16:57', '2022-04-23 03:16:57'),
('c6e0dc36-16e6-4aad-9929-e5b9ec82e0cd', 'edit-reading', 'edit-reading', 'edit-reading', NULL, '2022-04-23 03:16:57', '2022-04-23 03:16:57'),
('d19b6d03-2530-4b9b-9ab1-d3753e59cda9', 'view-reading', 'view-reading', 'view-reading', NULL, '2022-04-23 03:16:57', '2022-04-23 03:16:57'),
('d21256a2-6809-4a0f-ad05-b174429c5bc6', 'view-notice', 'view-notice', 'view-notice', NULL, '2022-04-23 03:16:57', '2022-04-23 03:16:57'),
('e3ce321f-5f05-48f1-bc3d-20c1594f4d62', 'view-property', 'view-property', 'view-property', NULL, '2022-04-23 03:16:57', '2022-04-23 03:16:57'),
('fb92a012-f391-4841-bcbc-8be81dd17558', 'create-notice', 'create-notice', 'create-notice', NULL, '2022-04-23 03:16:57', '2022-04-23 03:16:57');

-- --------------------------------------------------------

--
-- Table structure for table `permission_role`
--

CREATE TABLE `permission_role` (
  `id` int(10) UNSIGNED NOT NULL,
  `permission_id` char(36) COLLATE utf8mb4_unicode_ci NOT NULL,
  `role_id` char(36) COLLATE utf8mb4_unicode_ci NOT NULL
) ENGINE=InnoDB DEFAULT CHARSET=utf8mb4 COLLATE=utf8mb4_unicode_ci;

--
-- Dumping data for table `permission_role`
--

INSERT INTO `permission_role` (`id`, `permission_id`, `role_id`) VALUES
(1, '0f3fe3a3-a603-4bd0-aefe-2f808c3ed5f5', 'b51c52b2-be63-4963-be44-976e2f327c7d'),
(2, '3dc31259-7421-4ee4-a20e-c540d7bb67c2', 'b51c52b2-be63-4963-be44-976e2f327c7d'),
(3, '40e654e7-607b-496a-9c95-615c9dfaed73', 'b51c52b2-be63-4963-be44-976e2f327c7d'),
(4, '41baecd3-c498-408f-a745-d30ab3c4c0ff', 'b51c52b2-be63-4963-be44-976e2f327c7d'),
(5, '4d66e5cc-b5c9-4db1-beff-6e75b5d582f0', 'b51c52b2-be63-4963-be44-976e2f327c7d'),
(6, '5e178b61-175b-4cc5-84f5-58b0289559e0', 'b51c52b2-be63-4963-be44-976e2f327c7d'),
(7, '60ac3bbf-a6a6-4c18-93d6-3e8757fe1fbb', 'b51c52b2-be63-4963-be44-976e2f327c7d'),
(8, '65781725-59c8-4444-bee9-7ab8bb7e5777', 'b51c52b2-be63-4963-be44-976e2f327c7d'),
(9, '6631d5eb-7eb9-4196-8b41-b902e7585e67', 'b51c52b2-be63-4963-be44-976e2f327c7d'),
(10, '66dd4e44-ac77-46db-9e27-662273033d47', 'b51c52b2-be63-4963-be44-976e2f327c7d'),
(11, '68eda1c2-5b8f-4855-a523-c407be6403bf', 'b51c52b2-be63-4963-be44-976e2f327c7d'),
(12, '6fccee98-9c77-4b00-84e6-0465d218cd3f', 'b51c52b2-be63-4963-be44-976e2f327c7d'),
(13, '7106f7f7-731a-495e-a2a5-c49c066c2dae', 'b51c52b2-be63-4963-be44-976e2f327c7d'),
(14, '7f7f386b-ca36-4309-a4da-55b3b4ab5736', 'b51c52b2-be63-4963-be44-976e2f327c7d'),
(15, '83d1f997-8a09-4d32-8a03-dc2c04ec9684', 'b51c52b2-be63-4963-be44-976e2f327c7d'),
(16, '952c5b35-e235-4f17-bbec-bfd55e96922a', 'b51c52b2-be63-4963-be44-976e2f327c7d'),
(17, '95ff37bf-957a-4f4f-a6e5-bf2a23fdc0b2', 'b51c52b2-be63-4963-be44-976e2f327c7d'),
(18, '9a46c9d2-61a1-4fb3-93e3-cd728086a523', 'b51c52b2-be63-4963-be44-976e2f327c7d'),
(19, '9a4cb2fb-2cdc-4217-9ad5-6ac6297626d7', 'b51c52b2-be63-4963-be44-976e2f327c7d'),
(20, 'a2a789b0-1001-4a0c-85d0-ad6f56e6cc09', 'b51c52b2-be63-4963-be44-976e2f327c7d'),
(21, 'a6d4f285-3ee8-48f1-b8d7-e89875e7c3de', 'b51c52b2-be63-4963-be44-976e2f327c7d'),
(22, 'ab0beca5-2cde-437b-9dc5-7923f013e37f', 'b51c52b2-be63-4963-be44-976e2f327c7d'),
(23, 'adf183cb-d8a1-4b64-9299-aa7223710d50', 'b51c52b2-be63-4963-be44-976e2f327c7d'),
(24, 'b9977887-cf79-41fb-b488-80b76eb7e05d', 'b51c52b2-be63-4963-be44-976e2f327c7d'),
(25, 'be711990-f487-4889-a761-0848061b8c7c', 'b51c52b2-be63-4963-be44-976e2f327c7d'),
(26, 'bf85d0bc-9622-4772-812b-78f7679bb0b3', 'b51c52b2-be63-4963-be44-976e2f327c7d'),
(27, 'c1ea13de-3b8f-495a-b316-3d81585edc2d', 'b51c52b2-be63-4963-be44-976e2f327c7d'),
(28, 'c1fec291-f9f2-437a-b2ae-ae415a974045', 'b51c52b2-be63-4963-be44-976e2f327c7d'),
(29, 'c6a599f0-19e9-48b7-9fd0-c626a8496ae9', 'b51c52b2-be63-4963-be44-976e2f327c7d'),
(30, 'c6e0dc36-16e6-4aad-9929-e5b9ec82e0cd', 'b51c52b2-be63-4963-be44-976e2f327c7d'),
(31, 'd19b6d03-2530-4b9b-9ab1-d3753e59cda9', 'b51c52b2-be63-4963-be44-976e2f327c7d'),
(32, 'd21256a2-6809-4a0f-ad05-b174429c5bc6', 'b51c52b2-be63-4963-be44-976e2f327c7d'),
(33, 'e3ce321f-5f05-48f1-bc3d-20c1594f4d62', 'b51c52b2-be63-4963-be44-976e2f327c7d'),
(34, 'fb92a012-f391-4841-bcbc-8be81dd17558', 'b51c52b2-be63-4963-be44-976e2f327c7d');

-- --------------------------------------------------------

--
-- Table structure for table `properties`
--

CREATE TABLE `properties` (
  `id` varchar(36) COLLATE utf8mb4_unicode_ci NOT NULL,
  `agent_id` varchar(36) COLLATE utf8mb4_unicode_ci DEFAULT NULL,
  `landlord_id` varchar(36) COLLATE utf8mb4_unicode_ci DEFAULT NULL,
  `property_code` varchar(191) COLLATE utf8mb4_unicode_ci NOT NULL,
  `property_type_id` varchar(36) COLLATE utf8mb4_unicode_ci NOT NULL,
  `property_name` varchar(191) COLLATE utf8mb4_unicode_ci DEFAULT NULL,
  `location` varchar(191) COLLATE utf8mb4_unicode_ci NOT NULL,
  `latitude` varchar(191) COLLATE utf8mb4_unicode_ci DEFAULT NULL,
  `longitude` varchar(191) COLLATE utf8mb4_unicode_ci DEFAULT NULL,
  `address_1` varchar(191) COLLATE utf8mb4_unicode_ci DEFAULT NULL,
  `address_2` varchar(191) COLLATE utf8mb4_unicode_ci DEFAULT NULL,
  `country` varchar(191) COLLATE utf8mb4_unicode_ci DEFAULT NULL,
  `state` varchar(191) COLLATE utf8mb4_unicode_ci DEFAULT NULL,
  `city` varchar(191) COLLATE utf8mb4_unicode_ci DEFAULT NULL,
  `zip` varchar(191) COLLATE utf8mb4_unicode_ci DEFAULT NULL,
  `agent_commission_value` varchar(191) COLLATE utf8mb4_unicode_ci DEFAULT NULL,
  `agent_commission_type` varchar(191) COLLATE utf8mb4_unicode_ci DEFAULT NULL,
  `created_by` varchar(36) COLLATE utf8mb4_unicode_ci DEFAULT NULL,
  `updated_by` varchar(36) COLLATE utf8mb4_unicode_ci DEFAULT NULL,
  `deleted_by` varchar(36) COLLATE utf8mb4_unicode_ci DEFAULT NULL,
  `deleted_at` timestamp NULL DEFAULT NULL,
  `created_at` timestamp NULL DEFAULT NULL,
  `updated_at` timestamp NULL DEFAULT NULL
) ENGINE=InnoDB DEFAULT CHARSET=utf8mb4 COLLATE=utf8mb4_unicode_ci;

--
-- Dumping data for table `properties`
--

INSERT INTO `properties` (`id`, `agent_id`, `landlord_id`, `property_code`, `property_type_id`, `property_name`, `location`, `latitude`, `longitude`, `address_1`, `address_2`, `country`, `state`, `city`, `zip`, `agent_commission_value`, `agent_commission_type`, `created_by`, `updated_by`, `deleted_by`, `deleted_at`, `created_at`, `updated_at`) VALUES
('9a470677-b4d4-4211-aa42-96dc5bbf3622', NULL, 'b5096940-02ab-4bed-9721-0e3ffb60fb0e', '1212', '72c188dd-dbde-4eec-a77e-1729441f92aa', 'Property Name', 'Dhaka', NULL, NULL, NULL, NULL, NULL, NULL, NULL, NULL, '4', 'total_rent_percentage', NULL, NULL, NULL, NULL, '2022-04-23 06:08:33', '2022-04-23 06:08:33');

-- --------------------------------------------------------

--
-- Table structure for table `property_categories`
--

CREATE TABLE `property_categories` (
  `id` bigint(20) UNSIGNED NOT NULL,
  `created_at` timestamp NULL DEFAULT NULL,
  `updated_at` timestamp NULL DEFAULT NULL
) ENGINE=InnoDB DEFAULT CHARSET=utf8mb4 COLLATE=utf8mb4_unicode_ci;

-- --------------------------------------------------------

--
-- Table structure for table `property_settings`
--

CREATE TABLE `property_settings` (
  `id` char(36) COLLATE utf8mb4_unicode_ci NOT NULL,
  `agent_id` varchar(36) COLLATE utf8mb4_unicode_ci DEFAULT NULL,
  `default_commission` varchar(191) COLLATE utf8mb4_unicode_ci DEFAULT NULL,
  `commission_type` varchar(191) COLLATE utf8mb4_unicode_ci DEFAULT NULL,
  `property_prefix` varchar(191) COLLATE utf8mb4_unicode_ci DEFAULT NULL,
  `next_property_number` varchar(191) COLLATE utf8mb4_unicode_ci DEFAULT NULL,
  `deleted_at` timestamp NULL DEFAULT NULL,
  `created_at` timestamp NULL DEFAULT NULL,
  `updated_at` timestamp NULL DEFAULT NULL
) ENGINE=InnoDB DEFAULT CHARSET=utf8mb4 COLLATE=utf8mb4_unicode_ci;

-- --------------------------------------------------------

--
-- Table structure for table `property_types`
--

CREATE TABLE `property_types` (
  `id` varchar(36) COLLATE utf8mb4_unicode_ci NOT NULL,
  `name` varchar(191) COLLATE utf8mb4_unicode_ci NOT NULL,
  `display_name` varchar(191) COLLATE utf8mb4_unicode_ci NOT NULL,
  `description` varchar(191) COLLATE utf8mb4_unicode_ci DEFAULT NULL,
  `deleted_at` timestamp NULL DEFAULT NULL,
  `created_at` timestamp NULL DEFAULT NULL,
  `updated_at` timestamp NULL DEFAULT NULL
) ENGINE=InnoDB DEFAULT CHARSET=utf8mb4 COLLATE=utf8mb4_unicode_ci;

--
-- Dumping data for table `property_types`
--

INSERT INTO `property_types` (`id`, `name`, `display_name`, `description`, `deleted_at`, `created_at`, `updated_at`) VALUES
('16d59b38-ae6c-4c8d-875a-8005079bf9f9', 'mixed-use', 'Mixed Use', 'Mixed Use', NULL, '2022-04-23 03:16:57', '2022-04-23 03:16:57'),
('35ca943c-3a01-498a-8197-e67e6e6a4186', 'commercial', 'Commercial', 'Commercial', NULL, '2022-04-23 03:16:57', '2022-04-23 03:16:57'),
('64d25bc2-bffe-437f-a2b9-8b5ff4522581', 'other', 'Other', 'Other', NULL, '2022-04-23 03:16:57', '2022-04-23 03:16:57'),
('72c188dd-dbde-4eec-a77e-1729441f92aa', 'apartment', 'Apartment', 'Apartment', NULL, '2022-04-23 03:16:57', '2022-04-23 03:16:57'),
('9a7b5549-3f1c-4a26-9f87-9fea0f63edf6', 'house', 'House', 'House', NULL, '2022-04-23 03:16:57', '2022-04-23 03:16:57'),
('9d7bfa97-e8c0-4fd2-b50d-158570e546ed', 'duplex', 'Duplex', 'Duplex', NULL, '2022-04-23 03:16:57', '2022-04-23 03:16:57');

-- --------------------------------------------------------

--
-- Table structure for table `property_utility_costs`
--

CREATE TABLE `property_utility_costs` (
  `id` bigint(20) UNSIGNED NOT NULL,
  `utility_id` char(36) COLLATE utf8mb4_unicode_ci NOT NULL,
  `property_id` char(36) COLLATE utf8mb4_unicode_ci NOT NULL,
  `utility_unit_cost` varchar(191) COLLATE utf8mb4_unicode_ci DEFAULT NULL,
  `utility_base_fee` varchar(191) COLLATE utf8mb4_unicode_ci DEFAULT NULL,
  `created_at` timestamp NULL DEFAULT NULL,
  `updated_at` timestamp NULL DEFAULT NULL
) ENGINE=InnoDB DEFAULT CHARSET=utf8mb4 COLLATE=utf8mb4_unicode_ci;

--
-- Dumping data for table `property_utility_costs`
--

INSERT INTO `property_utility_costs` (`id`, `utility_id`, `property_id`, `utility_unit_cost`, `utility_base_fee`, `created_at`, `updated_at`) VALUES
(1, '7ff2d724-1c06-4f1e-9ec6-f0fcae4864ec', '9a470677-b4d4-4211-aa42-96dc5bbf3622', '10', NULL, NULL, NULL),
(2, '8661a26a-73f3-4cf8-b238-6dd1a3bca1a8', '9a470677-b4d4-4211-aa42-96dc5bbf3622', '10', NULL, NULL, NULL);

-- --------------------------------------------------------

--
-- Table structure for table `readings`
--

CREATE TABLE `readings` (
  `id` char(36) COLLATE utf8mb4_unicode_ci NOT NULL,
  `agent_id` varchar(36) COLLATE utf8mb4_unicode_ci DEFAULT NULL,
  `unit_id` varchar(36) COLLATE utf8mb4_unicode_ci DEFAULT NULL,
  `property_id` varchar(36) COLLATE utf8mb4_unicode_ci DEFAULT NULL,
  `utility_id` varchar(36) COLLATE utf8mb4_unicode_ci DEFAULT NULL,
  `reading_date` varchar(191) COLLATE utf8mb4_unicode_ci DEFAULT NULL,
  `current_reading` varchar(191) COLLATE utf8mb4_unicode_ci DEFAULT NULL,
  `created_by` varchar(191) COLLATE utf8mb4_unicode_ci DEFAULT NULL,
  `updated_by` varchar(191) COLLATE utf8mb4_unicode_ci DEFAULT NULL,
  `deleted_at` timestamp NULL DEFAULT NULL,
  `created_at` timestamp NULL DEFAULT NULL,
  `updated_at` timestamp NULL DEFAULT NULL
) ENGINE=InnoDB DEFAULT CHARSET=utf8mb4 COLLATE=utf8mb4_unicode_ci;

-- --------------------------------------------------------

--
-- Table structure for table `roles`
--

CREATE TABLE `roles` (
  `id` char(36) COLLATE utf8mb4_unicode_ci NOT NULL,
  `name` varchar(191) COLLATE utf8mb4_unicode_ci NOT NULL,
  `display_name` varchar(191) COLLATE utf8mb4_unicode_ci NOT NULL,
  `description` varchar(191) COLLATE utf8mb4_unicode_ci DEFAULT NULL,
  `deleted_at` timestamp NULL DEFAULT NULL,
  `created_at` timestamp NULL DEFAULT NULL,
  `updated_at` timestamp NULL DEFAULT NULL
) ENGINE=InnoDB DEFAULT CHARSET=utf8mb4 COLLATE=utf8mb4_unicode_ci;

--
-- Dumping data for table `roles`
--

INSERT INTO `roles` (`id`, `name`, `display_name`, `description`, `deleted_at`, `created_at`, `updated_at`) VALUES
('b51c52b2-be63-4963-be44-976e2f327c7d', 'Admin', 'Admin', 'site admin', NULL, '2022-04-23 03:16:57', '2022-04-23 03:16:57');

-- --------------------------------------------------------

--
-- Table structure for table `sms_config_settings`
--

CREATE TABLE `sms_config_settings` (
  `id` varchar(36) COLLATE utf8mb4_unicode_ci NOT NULL,
  `url` varchar(191) COLLATE utf8mb4_unicode_ci DEFAULT NULL,
  `username` varchar(191) COLLATE utf8mb4_unicode_ci DEFAULT NULL,
  `password` varchar(191) COLLATE utf8mb4_unicode_ci DEFAULT NULL,
  `created_by` varchar(36) COLLATE utf8mb4_unicode_ci DEFAULT NULL,
  `deleted_at` timestamp NULL DEFAULT NULL,
  `created_at` timestamp NULL DEFAULT NULL,
  `updated_at` timestamp NULL DEFAULT NULL
) ENGINE=InnoDB DEFAULT CHARSET=utf8mb4 COLLATE=utf8mb4_unicode_ci;

-- --------------------------------------------------------

--
-- Table structure for table `sms_templates`
--

CREATE TABLE `sms_templates` (
  `id` char(36) COLLATE utf8mb4_unicode_ci NOT NULL,
  `name` varchar(191) COLLATE utf8mb4_unicode_ci NOT NULL,
  `display_name` varchar(191) COLLATE utf8mb4_unicode_ci NOT NULL,
  `body` varchar(191) COLLATE utf8mb4_unicode_ci NOT NULL,
  `tags` varchar(191) COLLATE utf8mb4_unicode_ci DEFAULT NULL,
  `created_by` varchar(36) COLLATE utf8mb4_unicode_ci DEFAULT NULL,
  `deleted_at` timestamp NULL DEFAULT NULL,
  `created_at` timestamp NULL DEFAULT NULL,
  `updated_at` timestamp NULL DEFAULT NULL
) ENGINE=InnoDB DEFAULT CHARSET=utf8mb4 COLLATE=utf8mb4_unicode_ci;

--
-- Dumping data for table `sms_templates`
--

INSERT INTO `sms_templates` (`id`, `name`, `display_name`, `body`, `tags`, `created_by`, `deleted_at`, `created_at`, `updated_at`) VALUES
('064ded2a-c53b-43a0-8e55-8e61cc2d246c', 'New Lease', 'New Lease', 'New Lease created', '{lease_number}, {start_date}, {rent_amount},{due_on}', NULL, NULL, '2022-04-23 03:16:58', '2022-04-23 03:16:58'),
('180ecd67-1027-4c52-8e27-7279846ee837', 'New Invoice', 'New Invoice', 'Hi {first_name}, Invoice have been generated.', '{first_name}, {middle_name}, {last_name}, {phone}, {period_name}, {invoice_date}, {due_date}, {invoice_number}', NULL, NULL, '2022-04-23 03:16:58', '2022-04-23 03:16:58'),
('72b01ff9-768d-494d-b0c9-bfe04cca545c', 'New Landlord', 'New Landlord', 'New landlord welcome', '{first_name}, {middle_name}, {last_name}', NULL, NULL, '2022-04-23 03:16:58', '2022-04-23 03:16:58'),
('960d0037-49ca-4392-8052-724b7943341f', 'Terminate Lease', 'Terminate Lease', 'TERMINATE_LEASE', '{lease_number}, {start_date}, {rent_amount},{due_on}', NULL, NULL, '2022-04-23 03:16:58', '2022-04-23 03:16:58'),
('9e66df38-5762-4a22-afd9-70e7d0e55e43', 'Reset Password', 'Reset Password', 'Your token to reset password is: {token}', '{token}', NULL, NULL, '2022-04-23 03:16:58', '2022-04-23 03:16:58'),
('a1f76422-9c51-42c2-acb4-5d50a7724dd1', 'Due Invoice', 'Due Invoice', 'Hello {first_name}, Invoice is due', '{first_name}', NULL, NULL, '2022-04-23 03:16:58', '2022-04-23 03:16:58'),
('ba26ab6f-0567-4a55-a301-b826a6853788', 'Receive Payment', 'Receive Payment', ' RECEIVE_PAYMENT', '{amount},{payment_date},{lease_number},{receipt_number}', NULL, NULL, '2022-04-23 03:16:58', '2022-04-23 03:16:58'),
('bac1e73d-39ec-4b9f-bdac-a2cc0ffc7076', 'New Tenant', 'New Tenant', 'Hi {first_name}, Welcome.', '{first_name}, {middle_name}, {last_name}, {phone}', NULL, NULL, '2022-04-23 03:16:58', '2022-04-23 03:16:58'),
('c8e48159-5f19-4d04-a5ce-721f48abfb3f', 'New Vacate Notice', 'New Vacate Notice', ' NEW_VACATE_NOTICE', '{vacating_date},{vacating_reason},{unit}', NULL, NULL, '2022-04-23 03:16:58', '2022-04-23 03:16:58'),
('db9e8303-31fb-4dc4-9796-a5bde3fb1c78', 'New Property', 'New Property', ' NEW_PROPERTY', '{property_code},{property_name}, {location}', NULL, NULL, '2022-04-23 03:16:58', '2022-04-23 03:16:58'),
('e216f471-3972-4525-8b5e-cd95ce27d159', 'Over Due Invoice', 'Over Due Invoice', 'You have an overdue invoice', '{first_name}, {middle_name}, {last_name}, {phone}, {amount_applied}, {repayment_period}, {loan_type}, {interest_rate}', NULL, NULL, '2022-04-23 03:16:58', '2022-04-23 03:16:58');

-- --------------------------------------------------------

--
-- Table structure for table `system_notifications`
--

CREATE TABLE `system_notifications` (
  `id` char(36) COLLATE utf8mb4_unicode_ci NOT NULL,
  `agent_id` varchar(36) COLLATE utf8mb4_unicode_ci DEFAULT NULL,
  `name` varchar(191) COLLATE utf8mb4_unicode_ci NOT NULL,
  `display_name` varchar(191) COLLATE utf8mb4_unicode_ci NOT NULL,
  `send_email` tinyint(1) NOT NULL DEFAULT 1,
  `send_sms` tinyint(1) NOT NULL DEFAULT 1,
  `deleted_at` timestamp NULL DEFAULT NULL,
  `created_at` timestamp NULL DEFAULT NULL,
  `updated_at` timestamp NULL DEFAULT NULL
) ENGINE=InnoDB DEFAULT CHARSET=utf8mb4 COLLATE=utf8mb4_unicode_ci;

--
-- Dumping data for table `system_notifications`
--

INSERT INTO `system_notifications` (`id`, `agent_id`, `name`, `display_name`, `send_email`, `send_sms`, `deleted_at`, `created_at`, `updated_at`) VALUES
('074a4edc-3406-4c5c-affa-384e745d0d3f', NULL, 'Due Invoice', 'Due Invoice', 1, 1, NULL, '2022-04-23 03:16:58', '2022-04-23 03:16:58'),
('15ba2ded-6905-45bf-af8d-9f328da74cd2', NULL, 'New Vacate Notice', 'New Vacate Notice', 1, 1, NULL, '2022-04-23 03:16:58', '2022-04-23 03:16:58'),
('196af103-99c5-46da-b4cc-5966eb7a82fd', NULL, 'New Landlord', 'New Landlord', 1, 1, NULL, '2022-04-23 03:16:58', '2022-04-23 03:16:58'),
('2e09cf24-473d-4456-b7f2-7e12369dccf2', NULL, 'Over Due Invoice', 'Over Due Invoice', 1, 1, NULL, '2022-04-23 03:16:58', '2022-04-23 03:16:58'),
('4131486b-97cb-438d-99c5-4013e39644be', NULL, 'Receive Payment', 'Receive Payment', 1, 1, NULL, '2022-04-23 03:16:58', '2022-04-23 03:16:58'),
('60fd3fa3-b5df-481c-99a2-ce32e10706d7', NULL, 'Reset Password', 'Reset Password', 1, 1, NULL, '2022-04-23 03:16:58', '2022-04-23 03:16:58'),
('92bb6871-d0ed-4f89-8db3-d4fcd29c4b18', NULL, 'New Property', 'New Property', 1, 1, NULL, '2022-04-23 03:16:58', '2022-04-23 03:16:58'),
('9ca457d4-5b86-4eb9-a77d-a541ba6b8a3c', NULL, 'Terminate Lease', 'Terminate Lease', 1, 1, NULL, '2022-04-23 03:16:58', '2022-04-23 03:16:58'),
('b5596af2-149e-4cb7-bb03-b48142323bc6', NULL, 'New Tenant', 'New Tenant', 1, 1, NULL, '2022-04-23 03:16:58', '2022-04-23 03:16:58'),
('b98c1a02-5400-4cf2-8642-78e41c1f28bf', NULL, 'New Invoice', 'New Invoice', 1, 1, NULL, '2022-04-23 03:16:58', '2022-04-23 03:16:58'),
('eb69d8ff-4504-4a65-8fc9-c9e72839de92', NULL, 'New Lease', 'New Lease', 1, 1, NULL, '2022-04-23 03:16:58', '2022-04-23 03:16:58');

-- --------------------------------------------------------

--
-- Table structure for table `tasks`
--

CREATE TABLE `tasks` (
  `id` char(36) COLLATE utf8mb4_unicode_ci NOT NULL,
  `title` varchar(191) COLLATE utf8mb4_unicode_ci NOT NULL,
  `date` varchar(191) COLLATE utf8mb4_unicode_ci NOT NULL,
  `lease_id` varchar(191) COLLATE utf8mb4_unicode_ci NOT NULL,
  `property_id` varchar(191) COLLATE utf8mb4_unicode_ci NOT NULL,
  `unit_id` varchar(191) COLLATE utf8mb4_unicode_ci NOT NULL,
  `tenant_id` varchar(191) COLLATE utf8mb4_unicode_ci NOT NULL,
  `task_category` varchar(191) COLLATE utf8mb4_unicode_ci NOT NULL,
  `priority` varchar(191) COLLATE utf8mb4_unicode_ci NOT NULL,
  `status` varchar(191) COLLATE utf8mb4_unicode_ci NOT NULL,
  `description` varchar(191) COLLATE utf8mb4_unicode_ci DEFAULT NULL,
  `deleted_at` timestamp NULL DEFAULT NULL,
  `created_at` timestamp NULL DEFAULT NULL,
  `updated_at` timestamp NULL DEFAULT NULL
) ENGINE=InnoDB DEFAULT CHARSET=utf8mb4 COLLATE=utf8mb4_unicode_ci;

-- --------------------------------------------------------

--
-- Table structure for table `task_categories`
--

CREATE TABLE `task_categories` (
  `id` char(36) COLLATE utf8mb4_unicode_ci NOT NULL,
  `agent_id` varchar(36) COLLATE utf8mb4_unicode_ci DEFAULT NULL,
  `category_name` varchar(191) COLLATE utf8mb4_unicode_ci NOT NULL,
  `category_description` varchar(191) COLLATE utf8mb4_unicode_ci DEFAULT NULL,
  `deleted_at` timestamp NULL DEFAULT NULL,
  `created_at` timestamp NULL DEFAULT NULL,
  `updated_at` timestamp NULL DEFAULT NULL
) ENGINE=InnoDB DEFAULT CHARSET=utf8mb4 COLLATE=utf8mb4_unicode_ci;

-- --------------------------------------------------------

--
-- Table structure for table `tenants`
--

CREATE TABLE `tenants` (
  `id` varchar(36) COLLATE utf8mb4_unicode_ci NOT NULL,
  `agent_id` varchar(36) COLLATE utf8mb4_unicode_ci DEFAULT NULL,
  `tenant_type_id` varchar(36) COLLATE utf8mb4_unicode_ci DEFAULT NULL,
  `first_name` varchar(191) COLLATE utf8mb4_unicode_ci DEFAULT NULL,
  `middle_name` varchar(191) COLLATE utf8mb4_unicode_ci DEFAULT NULL,
  `last_name` varchar(191) COLLATE utf8mb4_unicode_ci DEFAULT NULL,
  `gender` varchar(191) COLLATE utf8mb4_unicode_ci DEFAULT NULL,
  `date_of_birth` varchar(191) COLLATE utf8mb4_unicode_ci DEFAULT NULL,
  `id_passport_number` varchar(191) COLLATE utf8mb4_unicode_ci DEFAULT NULL,
  `marital_status` varchar(191) COLLATE utf8mb4_unicode_ci DEFAULT NULL,
  `tenant_number` varchar(191) COLLATE utf8mb4_unicode_ci DEFAULT NULL,
  `phone` varchar(191) COLLATE utf8mb4_unicode_ci DEFAULT NULL,
  `email` varchar(191) COLLATE utf8mb4_unicode_ci DEFAULT NULL,
  `city` varchar(191) COLLATE utf8mb4_unicode_ci DEFAULT NULL,
  `state` varchar(191) COLLATE utf8mb4_unicode_ci DEFAULT NULL,
  `country` varchar(191) COLLATE utf8mb4_unicode_ci DEFAULT NULL,
  `postal_code` varchar(191) COLLATE utf8mb4_unicode_ci DEFAULT NULL,
  `postal_address` varchar(191) COLLATE utf8mb4_unicode_ci DEFAULT NULL,
  `physical_address` varchar(191) COLLATE utf8mb4_unicode_ci DEFAULT NULL,
  `next_of_kin_phone` varchar(191) COLLATE utf8mb4_unicode_ci DEFAULT NULL,
  `next_of_kin_name` varchar(191) COLLATE utf8mb4_unicode_ci DEFAULT NULL,
  `next_of_kin_relation` varchar(191) COLLATE utf8mb4_unicode_ci DEFAULT NULL,
  `business_name` varchar(191) COLLATE utf8mb4_unicode_ci DEFAULT NULL,
  `registration_number` varchar(191) COLLATE utf8mb4_unicode_ci DEFAULT NULL,
  `business_industry` varchar(191) COLLATE utf8mb4_unicode_ci DEFAULT NULL,
  `business_description` varchar(191) COLLATE utf8mb4_unicode_ci DEFAULT NULL,
  `business_address` varchar(191) COLLATE utf8mb4_unicode_ci DEFAULT NULL,
  `emergency_contact_name` varchar(191) COLLATE utf8mb4_unicode_ci DEFAULT NULL,
  `emergency_contact_phone` varchar(191) COLLATE utf8mb4_unicode_ci DEFAULT NULL,
  `emergency_contact_email` varchar(191) COLLATE utf8mb4_unicode_ci DEFAULT NULL,
  `emergency_contact_relationship` varchar(191) COLLATE utf8mb4_unicode_ci DEFAULT NULL,
  `emergency_contact_postal_address` varchar(191) COLLATE utf8mb4_unicode_ci DEFAULT NULL,
  `emergency_contact_physical_address` varchar(191) COLLATE utf8mb4_unicode_ci DEFAULT NULL,
  `employment_status` varchar(191) COLLATE utf8mb4_unicode_ci DEFAULT NULL,
  `employment_position` varchar(191) COLLATE utf8mb4_unicode_ci DEFAULT NULL,
  `employer_contact_phone` varchar(191) COLLATE utf8mb4_unicode_ci DEFAULT NULL,
  `employer_contact_email` varchar(191) COLLATE utf8mb4_unicode_ci DEFAULT NULL,
  `employment_postal_address` varchar(191) COLLATE utf8mb4_unicode_ci DEFAULT NULL,
  `employment_physical_address` varchar(191) COLLATE utf8mb4_unicode_ci DEFAULT NULL,
  `rent_payment_contact` varchar(191) COLLATE utf8mb4_unicode_ci DEFAULT NULL,
  `rent_payment_contact_postal_address` varchar(191) COLLATE utf8mb4_unicode_ci DEFAULT NULL,
  `rent_payment_contact_physical_address` varchar(191) COLLATE utf8mb4_unicode_ci DEFAULT NULL,
  `profile_pic` varchar(191) COLLATE utf8mb4_unicode_ci DEFAULT NULL,
  `password_set` tinyint(1) NOT NULL DEFAULT 0,
  `password` varchar(60) COLLATE utf8mb4_unicode_ci DEFAULT NULL,
  `confirmed` tinyint(1) NOT NULL DEFAULT 0,
  `confirmation_code` varchar(191) COLLATE utf8mb4_unicode_ci DEFAULT NULL,
  `created_by` varchar(36) COLLATE utf8mb4_unicode_ci DEFAULT NULL,
  `updated_by` varchar(36) COLLATE utf8mb4_unicode_ci DEFAULT NULL,
  `deleted_by` varchar(36) COLLATE utf8mb4_unicode_ci DEFAULT NULL,
  `remember_token` varchar(100) COLLATE utf8mb4_unicode_ci DEFAULT NULL,
  `deleted_at` timestamp NULL DEFAULT NULL,
  `created_at` timestamp NULL DEFAULT NULL,
  `updated_at` timestamp NULL DEFAULT NULL
) ENGINE=InnoDB DEFAULT CHARSET=utf8mb4 COLLATE=utf8mb4_unicode_ci;

--
-- Dumping data for table `tenants`
--

INSERT INTO `tenants` (`id`, `agent_id`, `tenant_type_id`, `first_name`, `middle_name`, `last_name`, `gender`, `date_of_birth`, `id_passport_number`, `marital_status`, `tenant_number`, `phone`, `email`, `city`, `state`, `country`, `postal_code`, `postal_address`, `physical_address`, `next_of_kin_phone`, `next_of_kin_name`, `next_of_kin_relation`, `business_name`, `registration_number`, `business_industry`, `business_description`, `business_address`, `emergency_contact_name`, `emergency_contact_phone`, `emergency_contact_email`, `emergency_contact_relationship`, `emergency_contact_postal_address`, `emergency_contact_physical_address`, `employment_status`, `employment_position`, `employer_contact_phone`, `employer_contact_email`, `employment_postal_address`, `employment_physical_address`, `rent_payment_contact`, `rent_payment_contact_postal_address`, `rent_payment_contact_physical_address`, `profile_pic`, `password_set`, `password`, `confirmed`, `confirmation_code`, `created_by`, `updated_by`, `deleted_by`, `remember_token`, `deleted_at`, `created_at`, `updated_at`) VALUES
('eb52ab0d-722e-4cba-82d9-a8c84f008b98', NULL, 'e482468d-8182-4b77-af64-5ea9ceac862a', 'MD MOHOSIN', NULL, 'MIAH', NULL, '1970-01-01', NULL, NULL, 'TN0001', '01857126452', '11111@gmail.com', 'GAZIPUR', NULL, 'Bangladesh', '1712', 'HOUSE-39, KHAIRTUL, SHATAISH', 'TONGI, GAZIPUR, TONGI WEST, ERSHAD NAGAR - 1712, GAZIPUR', '000020', 'kin', NULL, NULL, NULL, NULL, NULL, NULL, NULL, '111', '11111@gmail.com', NULL, NULL, NULL, 'Software', NULL, NULL, NULL, NULL, NULL, NULL, NULL, NULL, NULL, 0, '$2y$10$7kvNXrKZm3x7p4ILrNnAteH5M020XSuxMw8wO94FkVBJaoUr6XIlW', 0, NULL, NULL, NULL, NULL, NULL, NULL, '2022-04-23 06:10:14', '2022-04-23 06:10:14');

-- --------------------------------------------------------

--
-- Table structure for table `tenant_settings`
--

CREATE TABLE `tenant_settings` (
  `id` char(36) COLLATE utf8mb4_unicode_ci NOT NULL,
  `agent_id` varchar(36) COLLATE utf8mb4_unicode_ci DEFAULT NULL,
  `tenant_number_prefix` varchar(191) COLLATE utf8mb4_unicode_ci DEFAULT NULL,
  `next_tenant_number` varchar(191) COLLATE utf8mb4_unicode_ci DEFAULT NULL,
  `deleted_at` timestamp NULL DEFAULT NULL,
  `created_at` timestamp NULL DEFAULT NULL,
  `updated_at` timestamp NULL DEFAULT NULL
) ENGINE=InnoDB DEFAULT CHARSET=utf8mb4 COLLATE=utf8mb4_unicode_ci;

--
-- Dumping data for table `tenant_settings`
--

INSERT INTO `tenant_settings` (`id`, `agent_id`, `tenant_number_prefix`, `next_tenant_number`, `deleted_at`, `created_at`, `updated_at`) VALUES
('beff4ddc-d8c9-4500-83c1-880b0c7161c4', NULL, 'TN', NULL, NULL, '2022-04-23 03:16:58', '2022-04-23 03:16:58');

-- --------------------------------------------------------

--
-- Table structure for table `tenant_types`
--

CREATE TABLE `tenant_types` (
  `id` varchar(36) COLLATE utf8mb4_unicode_ci NOT NULL,
  `tenant_type_name` varchar(191) COLLATE utf8mb4_unicode_ci NOT NULL,
  `tenant_type_display_name` varchar(191) COLLATE utf8mb4_unicode_ci NOT NULL,
  `tenant_type_description` varchar(191) COLLATE utf8mb4_unicode_ci DEFAULT NULL,
  `deleted_at` timestamp NULL DEFAULT NULL,
  `created_at` timestamp NULL DEFAULT NULL,
  `updated_at` timestamp NULL DEFAULT NULL
) ENGINE=InnoDB DEFAULT CHARSET=utf8mb4 COLLATE=utf8mb4_unicode_ci;

--
-- Dumping data for table `tenant_types`
--

INSERT INTO `tenant_types` (`id`, `tenant_type_name`, `tenant_type_display_name`, `tenant_type_description`, `deleted_at`, `created_at`, `updated_at`) VALUES
('03b1539f-ded2-46a8-9a1f-37bd46559198', 'business', 'Business', 'Business', NULL, '2022-04-23 03:16:57', '2022-04-23 03:16:57'),
('e482468d-8182-4b77-af64-5ea9ceac862a', 'individual', 'Individual', 'Individual', NULL, '2022-04-23 03:16:57', '2022-04-23 03:16:57');

-- --------------------------------------------------------

--
-- Table structure for table `transactions`
--

CREATE TABLE `transactions` (
  `id` char(36) COLLATE utf8mb4_unicode_ci NOT NULL,
  `agent_id` varchar(36) COLLATE utf8mb4_unicode_ci DEFAULT NULL,
  `invoice_id` varchar(36) COLLATE utf8mb4_unicode_ci NOT NULL,
  `invoice_item_id` varchar(36) COLLATE utf8mb4_unicode_ci NOT NULL,
  `payment_id` varchar(36) COLLATE utf8mb4_unicode_ci DEFAULT NULL,
  `waiver_id` varchar(36) COLLATE utf8mb4_unicode_ci DEFAULT NULL,
  `transaction_date` varchar(191) COLLATE utf8mb4_unicode_ci NOT NULL,
  `transaction_amount` varchar(191) COLLATE utf8mb4_unicode_ci NOT NULL,
  `invoice_item_type` varchar(191) COLLATE utf8mb4_unicode_ci DEFAULT NULL,
  `transaction_type` varchar(191) COLLATE utf8mb4_unicode_ci DEFAULT NULL,
  `deleted_at` timestamp NULL DEFAULT NULL,
  `created_at` timestamp NULL DEFAULT NULL,
  `updated_at` timestamp NULL DEFAULT NULL
) ENGINE=InnoDB DEFAULT CHARSET=utf8mb4 COLLATE=utf8mb4_unicode_ci;

-- --------------------------------------------------------

--
-- Table structure for table `units`
--

CREATE TABLE `units` (
  `id` varchar(36) COLLATE utf8mb4_unicode_ci NOT NULL,
  `agent_id` varchar(36) COLLATE utf8mb4_unicode_ci DEFAULT NULL,
  `property_id` varchar(36) COLLATE utf8mb4_unicode_ci NOT NULL,
  `unit_mode` varchar(191) COLLATE utf8mb4_unicode_ci DEFAULT NULL,
  `unit_type_id` varchar(36) COLLATE utf8mb4_unicode_ci NOT NULL,
  `unit_name` varchar(191) COLLATE utf8mb4_unicode_ci NOT NULL,
  `rent_amount` double DEFAULT NULL,
  `unit_floor` int(11) DEFAULT NULL,
  `unit_status` varchar(191) COLLATE utf8mb4_unicode_ci DEFAULT NULL,
  `description` varchar(191) COLLATE utf8mb4_unicode_ci DEFAULT NULL,
  `bed_rooms` varchar(191) COLLATE utf8mb4_unicode_ci DEFAULT NULL,
  `bath_rooms` varchar(191) COLLATE utf8mb4_unicode_ci DEFAULT NULL,
  `total_rooms` varchar(191) COLLATE utf8mb4_unicode_ci DEFAULT NULL,
  `square_foot` varchar(191) COLLATE utf8mb4_unicode_ci DEFAULT NULL,
  `created_by` varchar(36) COLLATE utf8mb4_unicode_ci DEFAULT NULL,
  `updated_by` varchar(36) COLLATE utf8mb4_unicode_ci DEFAULT NULL,
  `deleted_by` varchar(36) COLLATE utf8mb4_unicode_ci DEFAULT NULL,
  `deleted_at` timestamp NULL DEFAULT NULL,
  `created_at` timestamp NULL DEFAULT NULL,
  `updated_at` timestamp NULL DEFAULT NULL
) ENGINE=InnoDB DEFAULT CHARSET=utf8mb4 COLLATE=utf8mb4_unicode_ci;

--
-- Dumping data for table `units`
--

INSERT INTO `units` (`id`, `agent_id`, `property_id`, `unit_mode`, `unit_type_id`, `unit_name`, `rent_amount`, `unit_floor`, `unit_status`, `description`, `bed_rooms`, `bath_rooms`, `total_rooms`, `square_foot`, `created_by`, `updated_by`, `deleted_by`, `deleted_at`, `created_at`, `updated_at`) VALUES
('80fe3e46-9e51-483e-bf04-521c734f28ac', NULL, '9a470677-b4d4-4211-aa42-96dc5bbf3622', 'residential', 'f16ded59-5444-4156-8428-67297ac1c1d6', '1', 100, 1, NULL, NULL, '2', '2', '2', '1233', NULL, NULL, NULL, NULL, '2022-04-23 06:08:33', '2022-04-23 06:08:33');

-- --------------------------------------------------------

--
-- Table structure for table `unit_types`
--

CREATE TABLE `unit_types` (
  `id` varchar(36) COLLATE utf8mb4_unicode_ci NOT NULL,
  `unit_type_name` varchar(191) COLLATE utf8mb4_unicode_ci NOT NULL,
  `unit_type_display_name` varchar(191) COLLATE utf8mb4_unicode_ci NOT NULL,
  `unit_type_description` varchar(191) COLLATE utf8mb4_unicode_ci DEFAULT NULL,
  `deleted_at` timestamp NULL DEFAULT NULL,
  `created_at` timestamp NULL DEFAULT NULL,
  `updated_at` timestamp NULL DEFAULT NULL
) ENGINE=InnoDB DEFAULT CHARSET=utf8mb4 COLLATE=utf8mb4_unicode_ci;

--
-- Dumping data for table `unit_types`
--

INSERT INTO `unit_types` (`id`, `unit_type_name`, `unit_type_display_name`, `unit_type_description`, `deleted_at`, `created_at`, `updated_at`) VALUES
('1a4f982d-6075-4961-aa71-d69b218c910a', 'bed_sitter', 'Bed Sitter', 'Bed Sitter', NULL, '2022-04-23 03:16:57', '2022-04-23 03:16:57'),
('a1b2be4b-b8ee-43c1-9f21-62cff9b7d3b3', 'single_room', 'Single Room', 'Single Room', NULL, '2022-04-23 03:16:57', '2022-04-23 03:16:57'),
('c2d387ef-cf3b-422a-ab81-ddc5fec4057b', 'one_bed_apartment', 'One Bed Room', 'One Bed Room', NULL, '2022-04-23 03:16:57', '2022-04-23 03:16:57'),
('f16ded59-5444-4156-8428-67297ac1c1d6', 'two_bed_apartment', 'Two Bed Room', 'Two Bed Room', NULL, '2022-04-23 03:16:57', '2022-04-23 03:16:57');

-- --------------------------------------------------------

--
-- Table structure for table `unit_utility`
--

CREATE TABLE `unit_utility` (
  `id` int(10) UNSIGNED NOT NULL,
  `unit_id` char(36) COLLATE utf8mb4_unicode_ci NOT NULL,
  `utility_id` char(36) COLLATE utf8mb4_unicode_ci NOT NULL
) ENGINE=InnoDB DEFAULT CHARSET=utf8mb4 COLLATE=utf8mb4_unicode_ci;

-- --------------------------------------------------------

--
-- Table structure for table `unit_utility_bills`
--

CREATE TABLE `unit_utility_bills` (
  `id` int(10) UNSIGNED NOT NULL,
  `agent_id` varchar(36) COLLATE utf8mb4_unicode_ci DEFAULT NULL,
  `unit_id` varchar(36) COLLATE utf8mb4_unicode_ci DEFAULT NULL,
  `utility_bill_id` varchar(36) COLLATE utf8mb4_unicode_ci DEFAULT NULL,
  `reading_date` varchar(191) COLLATE utf8mb4_unicode_ci DEFAULT NULL,
  `current_reading` varchar(191) COLLATE utf8mb4_unicode_ci DEFAULT NULL,
  `property_id` varchar(36) COLLATE utf8mb4_unicode_ci DEFAULT NULL,
  `utility_id` varchar(36) COLLATE utf8mb4_unicode_ci DEFAULT NULL,
  `created_by` varchar(191) COLLATE utf8mb4_unicode_ci DEFAULT NULL,
  `updated_by` varchar(191) COLLATE utf8mb4_unicode_ci DEFAULT NULL,
  `deleted_at` timestamp NULL DEFAULT NULL,
  `created_at` timestamp NULL DEFAULT NULL,
  `updated_at` timestamp NULL DEFAULT NULL
) ENGINE=InnoDB DEFAULT CHARSET=utf8mb4 COLLATE=utf8mb4_unicode_ci;

-- --------------------------------------------------------

--
-- Table structure for table `users`
--

CREATE TABLE `users` (
  `id` varchar(36) COLLATE utf8mb4_unicode_ci NOT NULL,
  `role_id` char(36) COLLATE utf8mb4_unicode_ci NOT NULL,
  `first_name` varchar(191) COLLATE utf8mb4_unicode_ci NOT NULL,
  `middle_name` varchar(191) COLLATE utf8mb4_unicode_ci DEFAULT NULL,
  `last_name` varchar(191) COLLATE utf8mb4_unicode_ci DEFAULT NULL,
  `photo` varchar(191) COLLATE utf8mb4_unicode_ci DEFAULT NULL,
  `postal_code` varchar(191) COLLATE utf8mb4_unicode_ci DEFAULT NULL,
  `postal_address` varchar(191) COLLATE utf8mb4_unicode_ci DEFAULT NULL,
  `physical_address` varchar(191) COLLATE utf8mb4_unicode_ci DEFAULT NULL,
  `city` varchar(191) COLLATE utf8mb4_unicode_ci DEFAULT NULL,
  `state` varchar(191) COLLATE utf8mb4_unicode_ci DEFAULT NULL,
  `country` varchar(191) COLLATE utf8mb4_unicode_ci DEFAULT NULL,
  `phone` varchar(191) COLLATE utf8mb4_unicode_ci DEFAULT NULL,
  `email` varchar(191) COLLATE utf8mb4_unicode_ci NOT NULL,
  `password` varchar(60) COLLATE utf8mb4_unicode_ci NOT NULL,
  `confirmed` tinyint(1) NOT NULL DEFAULT 0,
  `confirmation_code` varchar(191) COLLATE utf8mb4_unicode_ci DEFAULT NULL,
  `created_by` varchar(36) COLLATE utf8mb4_unicode_ci DEFAULT NULL,
  `updated_by` varchar(36) COLLATE utf8mb4_unicode_ci DEFAULT NULL,
  `deleted_by` varchar(36) COLLATE utf8mb4_unicode_ci DEFAULT NULL,
  `remember_token` varchar(100) COLLATE utf8mb4_unicode_ci DEFAULT NULL,
  `deleted_at` timestamp NULL DEFAULT NULL,
  `created_at` timestamp NULL DEFAULT NULL,
  `updated_at` timestamp NULL DEFAULT NULL
) ENGINE=InnoDB DEFAULT CHARSET=utf8mb4 COLLATE=utf8mb4_unicode_ci;

--
-- Dumping data for table `users`
--

INSERT INTO `users` (`id`, `role_id`, `first_name`, `middle_name`, `last_name`, `photo`, `postal_code`, `postal_address`, `physical_address`, `city`, `state`, `country`, `phone`, `email`, `password`, `confirmed`, `confirmation_code`, `created_by`, `updated_by`, `deleted_by`, `remember_token`, `deleted_at`, `created_at`, `updated_at`) VALUES
('0047f744-fede-4067-84a5-82ba13afe6b4', 'b51c52b2-be63-4963-be44-976e2f327c7d', 'Admin', NULL, 'Admin', NULL, NULL, NULL, NULL, NULL, NULL, NULL, NULL, 'admin@admin.com', '$2y$10$dkYwlnuY9sTgLaqwnyH4t.G3ltSm.t/XDiZQIoui8U4yvZ9/fJIu2', 0, NULL, NULL, NULL, NULL, NULL, NULL, '2022-04-23 03:16:57', '2022-04-23 03:16:57');

-- --------------------------------------------------------

--
-- Table structure for table `utilities`
--

CREATE TABLE `utilities` (
  `id` varchar(36) COLLATE utf8mb4_unicode_ci NOT NULL,
  `utility_name` varchar(191) COLLATE utf8mb4_unicode_ci NOT NULL,
  `utility_display_name` varchar(191) COLLATE utf8mb4_unicode_ci DEFAULT NULL,
  `utility_description` varchar(191) COLLATE utf8mb4_unicode_ci DEFAULT NULL,
  `deleted_at` timestamp NULL DEFAULT NULL,
  `created_at` timestamp NULL DEFAULT NULL,
  `updated_at` timestamp NULL DEFAULT NULL
) ENGINE=InnoDB DEFAULT CHARSET=utf8mb4 COLLATE=utf8mb4_unicode_ci;

--
-- Dumping data for table `utilities`
--

INSERT INTO `utilities` (`id`, `utility_name`, `utility_display_name`, `utility_description`, `deleted_at`, `created_at`, `updated_at`) VALUES
('7ff2d724-1c06-4f1e-9ec6-f0fcae4864ec', 'electricity', 'Electricity', 'Electricity', NULL, '2022-04-23 03:16:57', '2022-04-23 03:16:57'),
('8661a26a-73f3-4cf8-b238-6dd1a3bca1a8', 'water', 'Water', 'Water', NULL, '2022-04-23 03:16:57', '2022-04-23 03:16:57'),
('d4e93da2-8dc3-46aa-a989-db97e134688e', 'garbage', 'Garbage', 'Garbage', NULL, '2022-04-23 03:16:57', '2022-04-23 03:16:57');

-- --------------------------------------------------------

--
-- Table structure for table `utility_bills`
--

CREATE TABLE `utility_bills` (
  `id` varchar(36) COLLATE utf8mb4_unicode_ci NOT NULL,
  `agent_id` varchar(36) COLLATE utf8mb4_unicode_ci DEFAULT NULL,
  `property_id` varchar(36) COLLATE utf8mb4_unicode_ci DEFAULT NULL,
  `utility_id` varchar(36) COLLATE utf8mb4_unicode_ci DEFAULT NULL,
  `created_by` varchar(191) COLLATE utf8mb4_unicode_ci DEFAULT NULL,
  `updated_by` varchar(191) COLLATE utf8mb4_unicode_ci DEFAULT NULL,
  `deleted_at` timestamp NULL DEFAULT NULL,
  `created_at` timestamp NULL DEFAULT NULL,
  `updated_at` timestamp NULL DEFAULT NULL
) ENGINE=InnoDB DEFAULT CHARSET=utf8mb4 COLLATE=utf8mb4_unicode_ci;

-- --------------------------------------------------------

--
-- Table structure for table `vacation_notices`
--

CREATE TABLE `vacation_notices` (
  `id` char(36) COLLATE utf8mb4_unicode_ci NOT NULL,
  `agent_id` varchar(36) COLLATE utf8mb4_unicode_ci DEFAULT NULL,
  `tenant_id` varchar(36) COLLATE utf8mb4_unicode_ci NOT NULL,
  `lease_id` varchar(36) COLLATE utf8mb4_unicode_ci NOT NULL,
  `property_id` varchar(36) COLLATE utf8mb4_unicode_ci DEFAULT NULL,
  `unit` varchar(191) COLLATE utf8mb4_unicode_ci DEFAULT NULL,
  `date_received` varchar(191) COLLATE utf8mb4_unicode_ci NOT NULL,
  `vacating_date` varchar(191) COLLATE utf8mb4_unicode_ci NOT NULL,
  `vacating_reason` varchar(191) COLLATE utf8mb4_unicode_ci DEFAULT NULL,
  `deleted_at` timestamp NULL DEFAULT NULL,
  `created_at` timestamp NULL DEFAULT NULL,
  `updated_at` timestamp NULL DEFAULT NULL
) ENGINE=InnoDB DEFAULT CHARSET=utf8mb4 COLLATE=utf8mb4_unicode_ci;

-- --------------------------------------------------------

--
-- Table structure for table `waivers`
--

CREATE TABLE `waivers` (
  `id` char(36) COLLATE utf8mb4_unicode_ci NOT NULL,
  `invoice_id` varchar(36) COLLATE utf8mb4_unicode_ci DEFAULT NULL,
  `property_id` varchar(36) COLLATE utf8mb4_unicode_ci DEFAULT NULL,
  `lease_id` varchar(36) COLLATE utf8mb4_unicode_ci DEFAULT NULL,
  `amount` double NOT NULL,
  `lease_number` varchar(191) COLLATE utf8mb4_unicode_ci DEFAULT NULL,
  `created_by` varchar(36) COLLATE utf8mb4_unicode_ci DEFAULT NULL,
  `updated_by` varchar(36) COLLATE utf8mb4_unicode_ci DEFAULT NULL,
  `deleted_by` varchar(36) COLLATE utf8mb4_unicode_ci DEFAULT NULL,
  `deleted_at` timestamp NULL DEFAULT NULL,
  `created_at` timestamp NULL DEFAULT NULL,
  `updated_at` timestamp NULL DEFAULT NULL
) ENGINE=InnoDB DEFAULT CHARSET=utf8mb4 COLLATE=utf8mb4_unicode_ci;

--
-- Indexes for dumped tables
--

--
-- Indexes for table `accounts`
--
ALTER TABLE `accounts`
  ADD PRIMARY KEY (`id`);

--
-- Indexes for table `account_classes`
--
ALTER TABLE `account_classes`
  ADD PRIMARY KEY (`id`);

--
-- Indexes for table `account_types`
--
ALTER TABLE `account_types`
  ADD PRIMARY KEY (`id`);

--
-- Indexes for table `amenities`
--
ALTER TABLE `amenities`
  ADD PRIMARY KEY (`id`);

--
-- Indexes for table `amenity_unit`
--
ALTER TABLE `amenity_unit`
  ADD PRIMARY KEY (`id`),
  ADD UNIQUE KEY `amenity_unit_id_unique` (`id`);

--
-- Indexes for table `communication_settings`
--
ALTER TABLE `communication_settings`
  ADD PRIMARY KEY (`id`);

--
-- Indexes for table `currencies`
--
ALTER TABLE `currencies`
  ADD PRIMARY KEY (`id`);

--
-- Indexes for table `documents`
--
ALTER TABLE `documents`
  ADD PRIMARY KEY (`id`);

--
-- Indexes for table `email_config_settings`
--
ALTER TABLE `email_config_settings`
  ADD PRIMARY KEY (`id`);

--
-- Indexes for table `email_templates`
--
ALTER TABLE `email_templates`
  ADD PRIMARY KEY (`id`);

--
-- Indexes for table `extra_charges`
--
ALTER TABLE `extra_charges`
  ADD PRIMARY KEY (`id`);

--
-- Indexes for table `extra_charge_properties`
--
ALTER TABLE `extra_charge_properties`
  ADD PRIMARY KEY (`id`);

--
-- Indexes for table `failed_jobs`
--
ALTER TABLE `failed_jobs`
  ADD PRIMARY KEY (`id`),
  ADD UNIQUE KEY `failed_jobs_uuid_unique` (`uuid`);

--
-- Indexes for table `faptl_properties`
--
ALTER TABLE `faptl_properties`
  ADD PRIMARY KEY (`id`);

--
-- Indexes for table `faptl_property_images`
--
ALTER TABLE `faptl_property_images`
  ADD PRIMARY KEY (`id`);

--
-- Indexes for table `fees`
--
ALTER TABLE `fees`
  ADD PRIMARY KEY (`id`);

--
-- Indexes for table `general_settings`
--
ALTER TABLE `general_settings`
  ADD PRIMARY KEY (`id`);

--
-- Indexes for table `invoices`
--
ALTER TABLE `invoices`
  ADD PRIMARY KEY (`id`);

--
-- Indexes for table `invoice_items`
--
ALTER TABLE `invoice_items`
  ADD PRIMARY KEY (`id`);

--
-- Indexes for table `jobs`
--
ALTER TABLE `jobs`
  ADD PRIMARY KEY (`id`),
  ADD KEY `jobs_queue_index` (`queue`);

--
-- Indexes for table `journals`
--
ALTER TABLE `journals`
  ADD PRIMARY KEY (`id`),
  ADD UNIQUE KEY `journals_id_unique` (`id`);

--
-- Indexes for table `landlords`
--
ALTER TABLE `landlords`
  ADD PRIMARY KEY (`id`);

--
-- Indexes for table `late_fees`
--
ALTER TABLE `late_fees`
  ADD PRIMARY KEY (`id`);

--
-- Indexes for table `late_fee_properties`
--
ALTER TABLE `late_fee_properties`
  ADD PRIMARY KEY (`id`);

--
-- Indexes for table `leases`
--
ALTER TABLE `leases`
  ADD PRIMARY KEY (`id`);

--
-- Indexes for table `lease_extra_charges`
--
ALTER TABLE `lease_extra_charges`
  ADD PRIMARY KEY (`id`),
  ADD UNIQUE KEY `lease_extra_charges_id_unique` (`id`);

--
-- Indexes for table `lease_late_fees`
--
ALTER TABLE `lease_late_fees`
  ADD PRIMARY KEY (`id`),
  ADD UNIQUE KEY `lease_late_fees_id_unique` (`id`);

--
-- Indexes for table `lease_modes`
--
ALTER TABLE `lease_modes`
  ADD PRIMARY KEY (`id`);

--
-- Indexes for table `lease_settings`
--
ALTER TABLE `lease_settings`
  ADD PRIMARY KEY (`id`);

--
-- Indexes for table `lease_tenants`
--
ALTER TABLE `lease_tenants`
  ADD PRIMARY KEY (`id`),
  ADD UNIQUE KEY `lease_tenants_id_unique` (`id`);

--
-- Indexes for table `lease_types`
--
ALTER TABLE `lease_types`
  ADD PRIMARY KEY (`id`);

--
-- Indexes for table `lease_units`
--
ALTER TABLE `lease_units`
  ADD PRIMARY KEY (`id`),
  ADD UNIQUE KEY `lease_units_id_unique` (`id`);

--
-- Indexes for table `lease_utility_charges`
--
ALTER TABLE `lease_utility_charges`
  ADD PRIMARY KEY (`id`),
  ADD UNIQUE KEY `lease_utility_charges_id_unique` (`id`);

--
-- Indexes for table `lease_utility_deposits`
--
ALTER TABLE `lease_utility_deposits`
  ADD PRIMARY KEY (`id`),
  ADD UNIQUE KEY `lease_utility_deposits_id_unique` (`id`);

--
-- Indexes for table `ledgers`
--
ALTER TABLE `ledgers`
  ADD PRIMARY KEY (`id`),
  ADD UNIQUE KEY `ledgers_id_unique` (`id`);

--
-- Indexes for table `maintenancies`
--
ALTER TABLE `maintenancies`
  ADD PRIMARY KEY (`id`);

--
-- Indexes for table `migrations`
--
ALTER TABLE `migrations`
  ADD PRIMARY KEY (`id`);

--
-- Indexes for table `oauth_access_tokens`
--
ALTER TABLE `oauth_access_tokens`
  ADD PRIMARY KEY (`id`),
  ADD KEY `oauth_access_tokens_user_id_index` (`user_id`);

--
-- Indexes for table `oauth_auth_codes`
--
ALTER TABLE `oauth_auth_codes`
  ADD PRIMARY KEY (`id`),
  ADD KEY `oauth_auth_codes_user_id_index` (`user_id`);

--
-- Indexes for table `oauth_clients`
--
ALTER TABLE `oauth_clients`
  ADD PRIMARY KEY (`id`),
  ADD KEY `oauth_clients_user_id_index` (`user_id`);

--
-- Indexes for table `oauth_personal_access_clients`
--
ALTER TABLE `oauth_personal_access_clients`
  ADD PRIMARY KEY (`id`);

--
-- Indexes for table `oauth_refresh_tokens`
--
ALTER TABLE `oauth_refresh_tokens`
  ADD PRIMARY KEY (`id`);

--
-- Indexes for table `password_resets`
--
ALTER TABLE `password_resets`
  ADD KEY `password_resets_email_index` (`email`);

--
-- Indexes for table `payments`
--
ALTER TABLE `payments`
  ADD PRIMARY KEY (`id`);

--
-- Indexes for table `payment_frequencies`
--
ALTER TABLE `payment_frequencies`
  ADD PRIMARY KEY (`id`);

--
-- Indexes for table `payment_methods`
--
ALTER TABLE `payment_methods`
  ADD PRIMARY KEY (`id`);

--
-- Indexes for table `payment_method_leases`
--
ALTER TABLE `payment_method_leases`
  ADD PRIMARY KEY (`id`);

--
-- Indexes for table `payment_method_properties`
--
ALTER TABLE `payment_method_properties`
  ADD PRIMARY KEY (`id`);

--
-- Indexes for table `paypal_payments`
--
ALTER TABLE `paypal_payments`
  ADD PRIMARY KEY (`id`);

--
-- Indexes for table `periods`
--
ALTER TABLE `periods`
  ADD PRIMARY KEY (`id`);

--
-- Indexes for table `period_properties`
--
ALTER TABLE `period_properties`
  ADD PRIMARY KEY (`id`),
  ADD UNIQUE KEY `period_properties_id_unique` (`id`);

--
-- Indexes for table `permissions`
--
ALTER TABLE `permissions`
  ADD PRIMARY KEY (`id`);

--
-- Indexes for table `permission_role`
--
ALTER TABLE `permission_role`
  ADD PRIMARY KEY (`id`),
  ADD UNIQUE KEY `permission_role_id_unique` (`id`);

--
-- Indexes for table `properties`
--
ALTER TABLE `properties`
  ADD PRIMARY KEY (`id`);

--
-- Indexes for table `property_categories`
--
ALTER TABLE `property_categories`
  ADD PRIMARY KEY (`id`);

--
-- Indexes for table `property_settings`
--
ALTER TABLE `property_settings`
  ADD PRIMARY KEY (`id`);

--
-- Indexes for table `property_types`
--
ALTER TABLE `property_types`
  ADD PRIMARY KEY (`id`);

--
-- Indexes for table `property_utility_costs`
--
ALTER TABLE `property_utility_costs`
  ADD PRIMARY KEY (`id`);

--
-- Indexes for table `readings`
--
ALTER TABLE `readings`
  ADD PRIMARY KEY (`id`);

--
-- Indexes for table `roles`
--
ALTER TABLE `roles`
  ADD PRIMARY KEY (`id`);

--
-- Indexes for table `sms_config_settings`
--
ALTER TABLE `sms_config_settings`
  ADD PRIMARY KEY (`id`);

--
-- Indexes for table `sms_templates`
--
ALTER TABLE `sms_templates`
  ADD PRIMARY KEY (`id`);

--
-- Indexes for table `system_notifications`
--
ALTER TABLE `system_notifications`
  ADD PRIMARY KEY (`id`);

--
-- Indexes for table `tasks`
--
ALTER TABLE `tasks`
  ADD PRIMARY KEY (`id`);

--
-- Indexes for table `task_categories`
--
ALTER TABLE `task_categories`
  ADD PRIMARY KEY (`id`);

--
-- Indexes for table `tenants`
--
ALTER TABLE `tenants`
  ADD PRIMARY KEY (`id`);

--
-- Indexes for table `tenant_settings`
--
ALTER TABLE `tenant_settings`
  ADD PRIMARY KEY (`id`);

--
-- Indexes for table `tenant_types`
--
ALTER TABLE `tenant_types`
  ADD PRIMARY KEY (`id`);

--
-- Indexes for table `transactions`
--
ALTER TABLE `transactions`
  ADD PRIMARY KEY (`id`);

--
-- Indexes for table `units`
--
ALTER TABLE `units`
  ADD PRIMARY KEY (`id`);

--
-- Indexes for table `unit_types`
--
ALTER TABLE `unit_types`
  ADD PRIMARY KEY (`id`);

--
-- Indexes for table `unit_utility`
--
ALTER TABLE `unit_utility`
  ADD PRIMARY KEY (`id`),
  ADD UNIQUE KEY `unit_utility_id_unique` (`id`);

--
-- Indexes for table `unit_utility_bills`
--
ALTER TABLE `unit_utility_bills`
  ADD PRIMARY KEY (`id`),
  ADD UNIQUE KEY `unit_utility_bills_id_unique` (`id`);

--
-- Indexes for table `users`
--
ALTER TABLE `users`
  ADD PRIMARY KEY (`id`);

--
-- Indexes for table `utilities`
--
ALTER TABLE `utilities`
  ADD PRIMARY KEY (`id`);

--
-- Indexes for table `utility_bills`
--
ALTER TABLE `utility_bills`
  ADD PRIMARY KEY (`id`);

--
-- Indexes for table `vacation_notices`
--
ALTER TABLE `vacation_notices`
  ADD PRIMARY KEY (`id`);

--
-- Indexes for table `waivers`
--
ALTER TABLE `waivers`
  ADD PRIMARY KEY (`id`);

--
-- AUTO_INCREMENT for dumped tables
--

--
-- AUTO_INCREMENT for table `amenity_unit`
--
ALTER TABLE `amenity_unit`
  MODIFY `id` int(10) UNSIGNED NOT NULL AUTO_INCREMENT;

--
-- AUTO_INCREMENT for table `currencies`
--
ALTER TABLE `currencies`
  MODIFY `id` bigint(20) UNSIGNED NOT NULL AUTO_INCREMENT, AUTO_INCREMENT=142;

--
-- AUTO_INCREMENT for table `extra_charge_properties`
--
ALTER TABLE `extra_charge_properties`
  MODIFY `id` bigint(20) UNSIGNED NOT NULL AUTO_INCREMENT, AUTO_INCREMENT=2;

--
-- AUTO_INCREMENT for table `failed_jobs`
--
ALTER TABLE `failed_jobs`
  MODIFY `id` bigint(20) UNSIGNED NOT NULL AUTO_INCREMENT;

--
-- AUTO_INCREMENT for table `fees`
--
ALTER TABLE `fees`
  MODIFY `id` bigint(20) UNSIGNED NOT NULL AUTO_INCREMENT;

--
-- AUTO_INCREMENT for table `jobs`
--
ALTER TABLE `jobs`
  MODIFY `id` bigint(20) UNSIGNED NOT NULL AUTO_INCREMENT, AUTO_INCREMENT=33;

--
-- AUTO_INCREMENT for table `journals`
--
ALTER TABLE `journals`
  MODIFY `id` int(10) UNSIGNED NOT NULL AUTO_INCREMENT, AUTO_INCREMENT=4;

--
-- AUTO_INCREMENT for table `late_fee_properties`
--
ALTER TABLE `late_fee_properties`
  MODIFY `id` bigint(20) UNSIGNED NOT NULL AUTO_INCREMENT, AUTO_INCREMENT=2;

--
-- AUTO_INCREMENT for table `lease_extra_charges`
--
ALTER TABLE `lease_extra_charges`
  MODIFY `id` int(10) UNSIGNED NOT NULL AUTO_INCREMENT, AUTO_INCREMENT=2;

--
-- AUTO_INCREMENT for table `lease_late_fees`
--
ALTER TABLE `lease_late_fees`
  MODIFY `id` int(10) UNSIGNED NOT NULL AUTO_INCREMENT, AUTO_INCREMENT=2;

--
-- AUTO_INCREMENT for table `lease_tenants`
--
ALTER TABLE `lease_tenants`
  MODIFY `id` int(10) UNSIGNED NOT NULL AUTO_INCREMENT, AUTO_INCREMENT=2;

--
-- AUTO_INCREMENT for table `lease_units`
--
ALTER TABLE `lease_units`
  MODIFY `id` int(10) UNSIGNED NOT NULL AUTO_INCREMENT, AUTO_INCREMENT=2;

--
-- AUTO_INCREMENT for table `lease_utility_charges`
--
ALTER TABLE `lease_utility_charges`
  MODIFY `id` int(10) UNSIGNED NOT NULL AUTO_INCREMENT, AUTO_INCREMENT=3;

--
-- AUTO_INCREMENT for table `lease_utility_deposits`
--
ALTER TABLE `lease_utility_deposits`
  MODIFY `id` int(10) UNSIGNED NOT NULL AUTO_INCREMENT;

--
-- AUTO_INCREMENT for table `ledgers`
--
ALTER TABLE `ledgers`
  MODIFY `id` int(10) UNSIGNED NOT NULL AUTO_INCREMENT, AUTO_INCREMENT=9;

--
-- AUTO_INCREMENT for table `maintenancies`
--
ALTER TABLE `maintenancies`
  MODIFY `id` bigint(20) UNSIGNED NOT NULL AUTO_INCREMENT;

--
-- AUTO_INCREMENT for table `migrations`
--
ALTER TABLE `migrations`
  MODIFY `id` int(10) UNSIGNED NOT NULL AUTO_INCREMENT, AUTO_INCREMENT=82;

--
-- AUTO_INCREMENT for table `oauth_clients`
--
ALTER TABLE `oauth_clients`
  MODIFY `id` bigint(20) UNSIGNED NOT NULL AUTO_INCREMENT, AUTO_INCREMENT=4;

--
-- AUTO_INCREMENT for table `oauth_personal_access_clients`
--
ALTER TABLE `oauth_personal_access_clients`
  MODIFY `id` bigint(20) UNSIGNED NOT NULL AUTO_INCREMENT;

--
-- AUTO_INCREMENT for table `payment_method_leases`
--
ALTER TABLE `payment_method_leases`
  MODIFY `id` bigint(20) UNSIGNED NOT NULL AUTO_INCREMENT, AUTO_INCREMENT=2;

--
-- AUTO_INCREMENT for table `payment_method_properties`
--
ALTER TABLE `payment_method_properties`
  MODIFY `id` bigint(20) UNSIGNED NOT NULL AUTO_INCREMENT, AUTO_INCREMENT=2;

--
-- AUTO_INCREMENT for table `period_properties`
--
ALTER TABLE `period_properties`
  MODIFY `id` int(10) UNSIGNED NOT NULL AUTO_INCREMENT, AUTO_INCREMENT=2;

--
-- AUTO_INCREMENT for table `permission_role`
--
ALTER TABLE `permission_role`
  MODIFY `id` int(10) UNSIGNED NOT NULL AUTO_INCREMENT, AUTO_INCREMENT=35;

--
-- AUTO_INCREMENT for table `property_categories`
--
ALTER TABLE `property_categories`
  MODIFY `id` bigint(20) UNSIGNED NOT NULL AUTO_INCREMENT;

--
-- AUTO_INCREMENT for table `property_utility_costs`
--
ALTER TABLE `property_utility_costs`
  MODIFY `id` bigint(20) UNSIGNED NOT NULL AUTO_INCREMENT, AUTO_INCREMENT=3;

--
-- AUTO_INCREMENT for table `unit_utility`
--
ALTER TABLE `unit_utility`
  MODIFY `id` int(10) UNSIGNED NOT NULL AUTO_INCREMENT;

--
-- AUTO_INCREMENT for table `unit_utility_bills`
--
ALTER TABLE `unit_utility_bills`
  MODIFY `id` int(10) UNSIGNED NOT NULL AUTO_INCREMENT;
COMMIT;

/*!40101 SET CHARACTER_SET_CLIENT=@OLD_CHARACTER_SET_CLIENT */;
/*!40101 SET CHARACTER_SET_RESULTS=@OLD_CHARACTER_SET_RESULTS */;
/*!40101 SET COLLATION_CONNECTION=@OLD_COLLATION_CONNECTION */;
